UserID,NewUser,Username,Email,Gender,Age,Height,Weight,ActivityLevel,GoalID,DietPreferenceID,RegionID,AllergenID
28001,True,Robert Clark,robert.clark@example.com,Other,57,192,87,Sedentary,5,3,5,10
28002,False,Stephanie White,stephanie.white@example.com,Female,62,183,100,Very Active,2,6,6,10
28003,True,Amanda Davis,amanda.davis@hotmail.com,Other,45,189,61,Active,3,8,3,1
28004,False,Catherine Mitchell,catherine.mitchell@gmail.com,Other,65,178,56,Very Active,4,4,10,6
28005,True,Donna Hill,donna.hill@hotmail.com,Other,46,185,111,Moderately Active,10,7,6,9
28006,False,Elizabeth Carter,elizabeth.carter@hotmail.com,Female,46,162,88,Sedentary,10,2,6,6
28007,True,Lisa Torres,lisa.torres@yahoo.com,Other,28,196,103,Moderately Active,7,7,7,2
28008,True,Sarah Torres,sarah.torres@hotmail.com,Female,39,159,82,Active,1,5,10,1
28009,False,Catherine Lee,catherine.lee@yahoo.com,Other,36,158,144,Very Active,3,7,7,4
28010,False,Charles Jones,charles.jones@hotmail.com,Other,18,197,97,Moderately Active,6,4,1,4
28011,False,Jessica Smith,jessica.smith@yahoo.com,Other,66,159,103,Moderately Active,6,9,10,9
28012,True,Ashley Lee,ashley.lee@gmail.com,Male,41,183,126,Moderately Active,5,4,9,3
28013,True,Donna Brown,donna.brown@hotmail.com,Other,61,163,65,Very Active,7,1,6,1
28014,True,Brandon Perez,brandon.perez@example.com,Other,26,168,57,Sedentary,7,4,9,3
28015,True,David King,david.king@yahoo.com,Male,18,187,146,Moderately Active,1,10,10,2
28016,False,Emma Martin,emma.martin@example.com,Other,64,197,107,Active,1,8,4,4
28017,False,Mark Taylor,mark.taylor@example.com,Other,56,150,80,Sedentary,10,10,6,10
28018,False,Dorothy Davis,dorothy.davis@gmail.com,Male,37,150,114,Sedentary,5,10,4,4
28019,True,Patricia Harris,patricia.harris@gmail.com,Male,67,167,92,Active,7,6,5,7
28020,False,Janet Smith,janet.smith@hotmail.com,Female,63,151,96,Sedentary,5,7,10,6
28021,True,Paul Scott,paul.scott@hotmail.com,Male,69,185,62,Very Active,3,7,1,2
28022,True,Brian Gonzalez,brian.gonzalez@hotmail.com,Female,36,156,147,Sedentary,6,5,1,1
28023,True,Elizabeth Moore,elizabeth.moore@gmail.com,Male,64,150,126,Sedentary,10,2,6,10
28024,False,Kenneth Williams,kenneth.williams@yahoo.com,Male,29,150,91,Sedentary,10,8,6,5
28025,True,Nicole Miller,nicole.miller@yahoo.com,Male,57,160,121,Active,3,9,8,9
28026,True,Mark Johnson,mark.johnson@example.com,Female,39,161,103,Sedentary,3,2,3,8
28027,False,Ronald Taylor,ronald.taylor@example.com,Male,40,196,63,Very Active,2,7,1,8
28028,False,Edward Wilson,edward.wilson@yahoo.com,Male,58,186,137,Active,3,5,7,8
28029,False,Christine Jackson,christine.jackson@gmail.com,Female,60,152,57,Active,7,5,7,2
28030,False,Robert Flores,robert.flores@example.com,Other,38,188,123,Moderately Active,2,3,5,5
28031,True,Debra Clark,debra.clark@example.com,Other,57,183,132,Active,5,7,3,10
28032,True,Ronald Campbell,ronald.campbell@example.com,Female,18,198,142,Sedentary,10,3,2,8
28033,True,George Sanchez,george.sanchez@hotmail.com,Other,30,199,137,Very Active,7,10,9,6
28034,False,Christine Williams,christine.williams@gmail.com,Male,18,188,61,Sedentary,1,8,7,3
28035,True,Mark Allen,mark.allen@hotmail.com,Female,31,194,117,Very Active,4,4,3,5
28036,True,Sarah White,sarah.white@example.com,Other,31,185,62,Sedentary,6,8,5,10
28037,False,Donna Davis,donna.davis@gmail.com,Female,20,183,59,Very Active,8,7,6,9
28038,True,Emma Ramirez,emma.ramirez@example.com,Other,48,160,142,Active,9,8,10,3
28039,False,Rebecca Moore,rebecca.moore@yahoo.com,Female,48,159,94,Moderately Active,8,3,5,9
28040,False,Brian Green,brian.green@example.com,Male,43,185,117,Very Active,7,3,9,10
28041,False,Amanda Moore,amanda.moore@hotmail.com,Other,69,157,125,Active,9,8,10,9
28042,False,Kimberly Perez,kimberly.perez@hotmail.com,Other,26,176,115,Very Active,3,5,2,4
28043,False,Larry Jones,larry.jones@yahoo.com,Male,46,195,89,Very Active,6,2,10,1
28044,True,Shirley Hill,shirley.hill@hotmail.com,Female,38,161,128,Active,10,10,7,6
28045,True,David Gonzalez,david.gonzalez@gmail.com,Male,42,179,130,Sedentary,6,7,4,1
28046,True,Nicholas Lopez,nicholas.lopez@example.com,Female,32,164,74,Active,5,3,9,4
28047,False,Stephen King,stephen.king@yahoo.com,Male,53,185,87,Moderately Active,5,7,6,2
28048,False,Stephen King,stephen.king@hotmail.com,Female,65,178,125,Sedentary,8,8,4,4
28049,False,Timothy Mitchell,timothy.mitchell@gmail.com,Female,37,172,89,Active,9,2,9,4
28050,False,Rachel Thompson,rachel.thompson@gmail.com,Female,47,173,55,Moderately Active,2,2,7,8
28051,False,Amanda Allen,amanda.allen@gmail.com,Other,59,196,148,Very Active,10,2,7,2
28052,True,Linda Nelson,linda.nelson@yahoo.com,Male,29,173,53,Very Active,7,6,1,5
28053,True,Anna Smith,anna.smith@gmail.com,Female,39,165,117,Active,2,10,1,3
28054,True,George Campbell,george.campbell@example.com,Other,31,187,126,Active,7,1,2,3
28055,False,Kevin Sanchez,kevin.sanchez@hotmail.com,Female,44,193,128,Active,6,8,6,8
28056,False,Nicholas Ramirez,nicholas.ramirez@yahoo.com,Other,43,172,134,Very Active,9,8,9,1
28057,False,Samantha Walker,samantha.walker@example.com,Other,64,169,113,Very Active,1,4,5,6
28058,True,Thomas Davis,thomas.davis@hotmail.com,Female,20,194,133,Sedentary,5,4,7,1
28059,False,Ashley Allen,ashley.allen@gmail.com,Male,25,176,80,Moderately Active,8,9,8,6
28060,False,Matthew Baker,matthew.baker@yahoo.com,Other,26,168,71,Very Active,8,8,10,3
28061,False,John Nguyen,john.nguyen@example.com,Male,51,185,149,Very Active,9,9,4,7
28062,True,Christine Thomas,christine.thomas@example.com,Male,36,190,130,Active,9,6,9,8
28063,False,Ronald Robinson,ronald.robinson@example.com,Female,68,196,114,Sedentary,7,7,6,8
28064,False,Thomas Nelson,thomas.nelson@example.com,Male,31,160,51,Very Active,6,10,6,1
28065,True,Ryan Brown,ryan.brown@gmail.com,Male,53,161,115,Very Active,7,7,4,10
28066,True,Amy Flores,amy.flores@hotmail.com,Male,25,161,95,Very Active,6,8,2,1
28067,False,Brandon Taylor,brandon.taylor@example.com,Male,48,167,138,Active,5,8,9,3
28068,True,Linda Robinson,linda.robinson@hotmail.com,Female,26,178,112,Active,5,5,5,3
28069,True,Ryan Roberts,ryan.roberts@hotmail.com,Female,63,153,93,Active,7,6,8,10
28070,False,Ruth Scott,ruth.scott@yahoo.com,Male,59,185,88,Active,6,9,2,6
28071,True,Mark Gonzalez,mark.gonzalez@hotmail.com,Male,34,192,90,Active,1,6,9,8
28072,False,Donna Nelson,donna.nelson@hotmail.com,Male,47,178,78,Active,6,4,5,8
28073,False,Susan Taylor,susan.taylor@gmail.com,Other,21,167,86,Moderately Active,2,4,2,7
28074,False,Raymond Allen,raymond.allen@yahoo.com,Male,25,159,125,Sedentary,4,4,8,6
28075,True,Michael Davis,michael.davis@yahoo.com,Female,58,174,103,Moderately Active,6,8,5,10
28076,False,Samuel King,samuel.king@yahoo.com,Female,19,189,75,Active,5,1,8,8
28077,False,Justin Jones,justin.jones@example.com,Other,50,163,136,Sedentary,1,1,8,9
28078,False,Justin Green,justin.green@gmail.com,Female,47,186,144,Sedentary,7,5,8,4
28079,False,Robert Walker,robert.walker@hotmail.com,Female,40,165,121,Sedentary,4,1,5,10
28080,True,Mark Jones,mark.jones@example.com,Female,53,175,141,Moderately Active,8,10,2,1
28081,False,Janet Roberts,janet.roberts@example.com,Other,44,190,125,Sedentary,2,6,7,1
28082,True,Samantha Thomas,samantha.thomas@gmail.com,Male,26,182,53,Active,2,4,8,7
28083,False,Patricia Nelson,patricia.nelson@example.com,Other,37,184,109,Very Active,1,10,6,3
28084,False,Kenneth Mitchell,kenneth.mitchell@gmail.com,Male,42,160,101,Active,9,1,3,6
28085,True,Jason Taylor,jason.taylor@hotmail.com,Male,33,192,149,Very Active,1,4,10,8
28086,False,Elizabeth Scott,elizabeth.scott@hotmail.com,Female,48,182,58,Very Active,3,10,3,1
28087,True,Margaret Lopez,margaret.lopez@gmail.com,Female,29,191,102,Moderately Active,6,1,6,7
28088,True,Richard Martin,richard.martin@hotmail.com,Other,65,188,61,Very Active,6,4,1,9
28089,True,Andrew Campbell,andrew.campbell@yahoo.com,Female,18,191,131,Sedentary,7,7,8,3
28090,False,Helen Walker,helen.walker@example.com,Female,48,197,129,Active,4,10,9,9
28091,False,Jason Lopez,jason.lopez@yahoo.com,Male,44,175,139,Very Active,7,8,3,4
28092,False,Lisa Rivera,lisa.rivera@gmail.com,Male,56,178,132,Active,1,5,3,8
28093,True,Michelle Walker,michelle.walker@yahoo.com,Female,60,183,55,Sedentary,1,9,7,9
28094,False,Debra Perez,debra.perez@example.com,Male,22,179,130,Sedentary,9,1,8,5
28095,True,Anthony Johnson,anthony.johnson@gmail.com,Male,59,162,95,Very Active,2,4,10,7
28096,False,Larry Roberts,larry.roberts@hotmail.com,Male,24,157,79,Very Active,1,7,1,9
28097,True,Scott Mitchell,scott.mitchell@example.com,Male,26,192,53,Moderately Active,5,9,2,10
28098,True,Ryan Brown,ryan.brown@hotmail.com,Male,30,190,146,Sedentary,8,6,4,10
28099,False,Virginia King,virginia.king@gmail.com,Other,53,150,76,Very Active,1,10,6,5
28100,True,Anthony Robinson,anthony.robinson@example.com,Female,60,153,135,Sedentary,7,7,6,3
28101,False,Emma Nelson,emma.nelson@gmail.com,Other,45,165,147,Sedentary,3,1,3,8
28102,False,Larry Young,larry.young@yahoo.com,Other,47,153,119,Very Active,7,6,4,8
28103,False,Sandra Smith,sandra.smith@example.com,Male,42,179,106,Sedentary,6,6,5,4
28104,True,Patrick Rodriguez,patrick.rodriguez@yahoo.com,Female,19,150,83,Active,7,10,8,1
28105,True,Jason Smith,jason.smith@yahoo.com,Male,34,151,148,Moderately Active,4,6,2,6
28106,False,Scott Brown,scott.brown@yahoo.com,Other,67,183,128,Sedentary,6,10,9,7
28107,False,Rachel Clark,rachel.clark@hotmail.com,Other,38,165,50,Sedentary,4,10,4,9
28108,False,Lisa Sanchez,lisa.sanchez@example.com,Female,28,159,141,Moderately Active,5,6,7,5
28109,True,Karen Carter,karen.carter@example.com,Male,60,150,124,Moderately Active,1,9,5,9
28110,True,David Martinez,david.martinez@example.com,Male,34,194,113,Moderately Active,2,3,9,10
28111,False,Thomas Wilson,thomas.wilson@example.com,Other,30,156,56,Sedentary,10,4,6,8
28112,False,Samantha Carter,samantha.carter@hotmail.com,Other,36,169,67,Moderately Active,3,1,8,9
28113,True,Paul Robinson,paul.robinson@yahoo.com,Female,54,161,107,Sedentary,4,7,8,7
28114,True,Kathleen King,kathleen.king@hotmail.com,Female,26,161,67,Sedentary,7,10,10,5
28115,False,Sharon Rivera,sharon.rivera@yahoo.com,Female,46,175,62,Moderately Active,4,3,2,6
28116,False,Jacob Rodriguez,jacob.rodriguez@yahoo.com,Female,23,152,94,Very Active,6,5,3,7
28117,True,Edward Roberts,edward.roberts@hotmail.com,Female,36,188,92,Very Active,3,4,8,2
28118,False,Katherine Rivera,katherine.rivera@example.com,Other,65,161,135,Active,3,7,8,2
28119,True,Michelle Anderson,michelle.anderson@yahoo.com,Female,31,178,124,Active,4,8,5,4
28120,False,John Carter,john.carter@example.com,Male,34,186,143,Very Active,7,7,7,8
28121,True,Linda King,linda.king@hotmail.com,Female,65,161,63,Active,10,1,5,2
28122,False,Katherine Adams,katherine.adams@hotmail.com,Other,58,196,130,Sedentary,9,3,6,8
28123,False,Deborah Roberts,deborah.roberts@yahoo.com,Other,42,195,83,Moderately Active,1,4,5,10
28124,True,Brenda Baker,brenda.baker@gmail.com,Other,48,189,88,Moderately Active,3,10,10,8
28125,False,Lisa Moore,lisa.moore@example.com,Other,69,153,140,Moderately Active,4,4,8,4
28126,False,Barbara Johnson,barbara.johnson@hotmail.com,Female,41,184,108,Moderately Active,4,8,8,5
28127,False,Ruth Scott,ruth.scott@example.com,Male,42,166,82,Active,9,8,4,7
28128,True,Ruth Ramirez,ruth.ramirez@gmail.com,Female,22,181,88,Moderately Active,4,7,2,7
28129,True,Laura Lewis,laura.lewis@yahoo.com,Female,42,150,114,Active,8,3,10,8
28130,False,Kevin Robinson,kevin.robinson@gmail.com,Other,32,187,113,Moderately Active,10,2,5,6
28131,False,Andrew Baker,andrew.baker@gmail.com,Female,69,193,149,Moderately Active,10,5,8,4
28132,False,Amanda Wright,amanda.wright@yahoo.com,Male,33,175,73,Active,5,7,7,7
28133,True,Patricia Adams,patricia.adams@gmail.com,Other,21,152,63,Active,6,8,6,4
28134,True,Karen Lopez,karen.lopez@yahoo.com,Male,45,164,63,Moderately Active,4,8,4,7
28135,False,Betty Moore,betty.moore@gmail.com,Other,67,188,113,Active,4,8,8,5
28136,False,Donna Wilson,donna.wilson@example.com,Other,66,154,118,Sedentary,6,3,8,1
28137,False,Richard Thomas,richard.thomas@gmail.com,Male,22,161,51,Active,7,3,5,8
28138,False,Rachel Davis,rachel.davis@yahoo.com,Female,34,150,100,Moderately Active,9,7,9,10
28139,False,Karen Davis,karen.davis@yahoo.com,Other,40,164,147,Sedentary,3,8,3,5
28140,False,Linda Gonzalez,linda.gonzalez@yahoo.com,Other,23,197,94,Moderately Active,6,9,3,6
28141,False,Justin Adams,justin.adams@example.com,Female,19,192,76,Sedentary,5,3,9,2
28142,False,Margaret Gonzalez,margaret.gonzalez@example.com,Male,53,195,133,Moderately Active,4,4,9,8
28143,False,Benjamin Jones,benjamin.jones@yahoo.com,Female,40,173,119,Moderately Active,2,8,3,3
28144,True,Emily Thomas,emily.thomas@hotmail.com,Male,57,165,77,Moderately Active,8,7,2,3
28145,False,Dorothy Allen,dorothy.allen@hotmail.com,Other,44,166,101,Active,6,9,4,2
28146,False,Stephen Hill,stephen.hill@example.com,Female,61,192,147,Sedentary,7,9,10,2
28147,True,Daniel Rivera,daniel.rivera@gmail.com,Female,55,163,84,Moderately Active,5,1,5,9
28148,True,Jonathan Nelson,jonathan.nelson@yahoo.com,Other,52,151,132,Very Active,6,1,3,2
28149,True,Andrew Nguyen,andrew.nguyen@yahoo.com,Male,35,188,57,Active,10,8,5,1
28150,False,Joshua Green,joshua.green@hotmail.com,Male,48,174,139,Moderately Active,7,2,8,6
28151,True,John Miller,john.miller@example.com,Male,46,177,138,Active,6,9,3,3
28152,False,Alexander Perez,alexander.perez@yahoo.com,Male,69,193,59,Very Active,4,4,6,8
28153,True,William Flores,william.flores@gmail.com,Male,43,199,108,Active,5,1,3,9
28154,True,Scott Hill,scott.hill@gmail.com,Female,41,186,140,Very Active,8,10,7,4
28155,False,Nancy King,nancy.king@gmail.com,Male,49,197,77,Very Active,5,1,3,6
28156,True,Rachel King,rachel.king@gmail.com,Female,20,165,50,Moderately Active,5,1,4,1
28157,True,Betty Perez,betty.perez@hotmail.com,Female,69,171,113,Very Active,7,7,8,5
28158,True,Kimberly Green,kimberly.green@gmail.com,Other,29,155,70,Sedentary,1,7,7,3
28159,True,Debra Johnson,debra.johnson@yahoo.com,Other,23,198,100,Active,9,2,6,5
28160,False,Timothy Green,timothy.green@example.com,Other,65,157,130,Moderately Active,7,4,2,1
28161,True,Deborah Garcia,deborah.garcia@example.com,Male,35,154,104,Moderately Active,2,1,5,2
28162,False,Rebecca Nguyen,rebecca.nguyen@example.com,Male,18,187,76,Moderately Active,1,7,4,8
28163,False,Thomas Garcia,thomas.garcia@hotmail.com,Other,54,153,81,Very Active,3,7,3,10
28164,False,John Hill,john.hill@hotmail.com,Other,37,196,131,Moderately Active,5,9,6,5
28165,False,Ashley Harris,ashley.harris@gmail.com,Female,67,157,80,Sedentary,5,7,5,4
28166,True,Jeffrey Taylor,jeffrey.taylor@yahoo.com,Female,43,156,62,Very Active,10,10,4,4
28167,True,Nicholas Young,nicholas.young@hotmail.com,Female,47,191,84,Very Active,10,6,5,2
28168,False,Deborah Lee,deborah.lee@yahoo.com,Other,41,189,58,Active,9,7,9,5
28169,False,Paul Thompson,paul.thompson@hotmail.com,Female,37,160,53,Moderately Active,9,10,8,1
28170,True,Andrew Rivera,andrew.rivera@example.com,Other,40,180,128,Very Active,4,7,9,10
28171,True,Brian Sanchez,brian.sanchez@example.com,Male,39,160,133,Very Active,5,10,5,1
28172,False,William Allen,william.allen@gmail.com,Male,55,189,81,Active,9,7,8,2
28173,True,Debra Robinson,debra.robinson@hotmail.com,Other,44,161,100,Sedentary,1,9,9,10
28174,False,Jeffrey Miller,jeffrey.miller@hotmail.com,Male,66,184,108,Active,1,7,8,3
28175,False,Lisa White,lisa.white@yahoo.com,Female,18,183,74,Active,9,2,1,2
28176,False,Scott Perez,scott.perez@yahoo.com,Male,50,169,117,Sedentary,5,10,6,7
28177,False,Michelle King,michelle.king@hotmail.com,Female,49,199,103,Active,9,8,8,7
28178,True,Brenda Hernandez,brenda.hernandez@gmail.com,Other,67,199,84,Very Active,10,10,3,6
28179,True,Matthew Smith,matthew.smith@gmail.com,Other,54,161,108,Sedentary,10,9,5,6
28180,True,Carol Martinez,carol.martinez@example.com,Other,27,157,52,Moderately Active,10,9,3,2
28181,True,Nancy Sanchez,nancy.sanchez@yahoo.com,Male,55,178,128,Very Active,4,10,4,5
28182,True,Charles Taylor,charles.taylor@yahoo.com,Other,45,189,121,Active,6,4,7,5
28183,False,Joseph Jones,joseph.jones@example.com,Female,18,181,131,Moderately Active,7,8,1,8
28184,True,Brandon Green,brandon.green@gmail.com,Other,54,173,132,Moderately Active,9,2,9,6
28185,True,Patricia Flores,patricia.flores@gmail.com,Male,68,156,76,Very Active,5,10,4,2
28186,True,Emily Jones,emily.jones@yahoo.com,Female,63,174,146,Moderately Active,5,4,4,7
28187,True,Karen Clark,karen.clark@gmail.com,Female,45,154,98,Active,4,7,6,10
28188,True,Cynthia Young,cynthia.young@hotmail.com,Male,20,150,89,Active,4,6,5,7
28189,False,Melissa Flores,melissa.flores@gmail.com,Male,29,170,51,Moderately Active,10,7,7,2
28190,False,Benjamin Robinson,benjamin.robinson@hotmail.com,Female,48,173,137,Very Active,4,10,3,1
28191,True,Donald White,donald.white@gmail.com,Other,34,165,128,Sedentary,7,8,2,5
28192,True,Katherine Jones,katherine.jones@hotmail.com,Female,18,169,139,Very Active,3,10,6,5
28193,True,Carol Martinez,carol.martinez@yahoo.com,Female,40,194,113,Active,2,10,6,5
28194,False,Richard Carter,richard.carter@example.com,Female,69,157,93,Moderately Active,8,2,9,7
28195,True,Daniel Moore,daniel.moore@yahoo.com,Male,24,191,89,Moderately Active,8,8,7,10
28196,True,Steven Campbell,steven.campbell@gmail.com,Female,24,176,123,Moderately Active,2,4,4,9
28197,False,Anthony Campbell,anthony.campbell@hotmail.com,Female,30,154,143,Active,5,9,9,6
28198,True,Carol Roberts,carol.roberts@yahoo.com,Other,67,158,149,Sedentary,5,5,2,5
28199,False,Jack Moore,jack.moore@yahoo.com,Female,32,161,73,Very Active,2,8,4,2
28200,False,Shirley Thompson,shirley.thompson@hotmail.com,Female,42,179,53,Active,9,1,9,9
28201,False,Jennifer Wright,jennifer.wright@example.com,Female,56,185,108,Very Active,6,10,10,4
28202,True,Jennifer Scott,jennifer.scott@gmail.com,Other,63,160,105,Moderately Active,6,8,1,7
28203,True,Elizabeth Young,elizabeth.young@example.com,Male,67,192,139,Very Active,8,4,6,2
28204,False,Deborah Mitchell,deborah.mitchell@hotmail.com,Male,31,153,61,Moderately Active,3,6,3,3
28205,False,Karen Thompson,karen.thompson@hotmail.com,Male,46,170,91,Moderately Active,10,5,8,8
28206,False,Cynthia Rivera,cynthia.rivera@yahoo.com,Male,55,180,112,Very Active,1,10,7,2
28207,False,Joshua White,joshua.white@example.com,Other,68,152,78,Very Active,8,6,9,7
28208,False,Paul Nguyen,paul.nguyen@example.com,Male,29,174,91,Active,2,5,5,8
28209,False,Susan Lopez,susan.lopez@hotmail.com,Male,62,173,141,Very Active,6,6,5,4
28210,False,Gregory Jones,gregory.jones@example.com,Other,40,166,61,Very Active,5,4,3,9
28211,True,Jack Hernandez,jack.hernandez@gmail.com,Male,65,162,132,Active,8,4,8,10
28212,True,Angela Hernandez,angela.hernandez@example.com,Other,60,159,149,Sedentary,7,4,8,7
28213,True,Jason Anderson,jason.anderson@yahoo.com,Male,51,193,136,Moderately Active,8,10,2,6
28214,True,Stephanie Anderson,stephanie.anderson@gmail.com,Female,30,152,131,Very Active,9,8,4,10
28215,False,Helen Baker,helen.baker@example.com,Male,63,154,120,Moderately Active,8,1,3,4
28216,True,Jessica Carter,jessica.carter@hotmail.com,Other,63,170,103,Moderately Active,8,3,3,6
28217,False,Christopher Brown,christopher.brown@example.com,Other,34,178,106,Very Active,10,5,3,6
28218,True,Jennifer Adams,jennifer.adams@example.com,Female,41,174,66,Moderately Active,5,1,4,2
28219,True,Laura Martinez,laura.martinez@example.com,Other,46,156,128,Sedentary,9,9,6,9
28220,False,Patricia Wilson,patricia.wilson@gmail.com,Female,53,153,70,Sedentary,3,1,1,10
28221,False,Dorothy Martin,dorothy.martin@hotmail.com,Other,25,189,70,Active,2,7,10,8
28222,False,Gary Baker,gary.baker@hotmail.com,Male,30,176,104,Very Active,5,7,9,7
28223,True,Mark Robinson,mark.robinson@hotmail.com,Female,41,151,106,Sedentary,2,5,4,6
28224,False,Nancy Rivera,nancy.rivera@example.com,Female,38,160,103,Moderately Active,10,3,9,8
28225,True,Margaret Young,margaret.young@example.com,Other,30,185,148,Moderately Active,9,4,3,10
28226,True,Michael Wilson,michael.wilson@yahoo.com,Other,42,167,116,Active,10,10,1,4
28227,False,George Flores,george.flores@example.com,Female,61,184,131,Sedentary,4,1,7,7
28228,True,Ashley Williams,ashley.williams@yahoo.com,Other,39,167,137,Active,1,2,4,8
28229,True,David Johnson,david.johnson@gmail.com,Other,32,155,120,Active,7,1,5,6
28230,False,Jason Ramirez,jason.ramirez@hotmail.com,Other,32,168,78,Very Active,5,9,8,3
28231,True,Emily Gonzalez,emily.gonzalez@yahoo.com,Female,60,172,139,Active,7,9,8,2
28232,True,Rebecca Jones,rebecca.jones@example.com,Female,20,158,62,Very Active,6,10,5,4
28233,False,Ruth Taylor,ruth.taylor@example.com,Female,29,154,101,Very Active,8,7,6,4
28234,False,Michelle Harris,michelle.harris@yahoo.com,Other,50,193,87,Sedentary,4,3,10,9
28235,False,Samantha Garcia,samantha.garcia@example.com,Male,36,194,101,Moderately Active,7,6,7,2
28236,True,Ashley Green,ashley.green@hotmail.com,Female,23,161,50,Moderately Active,4,4,6,10
28237,False,Cynthia Harris,cynthia.harris@example.com,Male,52,183,70,Active,4,10,6,10
28238,True,Thomas Rivera,thomas.rivera@example.com,Other,32,180,100,Active,7,1,7,2
28239,True,Ashley Green,ashley.green@yahoo.com,Female,68,182,94,Sedentary,3,1,5,10
28240,True,Katherine Ramirez,katherine.ramirez@hotmail.com,Male,48,179,88,Moderately Active,6,4,4,4
28241,False,Robert Lee,robert.lee@example.com,Other,20,168,113,Active,9,2,6,2
28242,False,Jason Davis,jason.davis@yahoo.com,Female,42,155,96,Moderately Active,7,6,9,6
28243,True,David Hernandez,david.hernandez@example.com,Male,60,163,149,Active,8,7,4,3
28244,True,Christopher Scott,christopher.scott@example.com,Other,53,176,59,Very Active,8,6,3,6
28245,False,Sarah Harris,sarah.harris@yahoo.com,Other,51,190,51,Sedentary,10,9,5,7
28246,False,David Hill,david.hill@yahoo.com,Other,66,160,137,Active,6,2,4,5
28247,False,Samantha Martinez,samantha.martinez@example.com,Female,42,156,99,Sedentary,6,8,5,8
28248,False,Alexander Sanchez,alexander.sanchez@example.com,Male,30,170,120,Very Active,4,3,1,6
28249,False,Patricia King,patricia.king@yahoo.com,Female,48,170,115,Very Active,3,2,10,10
28250,False,Donna Taylor,donna.taylor@example.com,Male,54,160,65,Very Active,10,2,3,5
28251,False,Raymond Flores,raymond.flores@gmail.com,Female,31,191,85,Very Active,7,10,4,2
28252,True,Deborah Hall,deborah.hall@gmail.com,Male,56,165,70,Very Active,6,6,4,4
28253,False,Samuel Lopez,samuel.lopez@hotmail.com,Other,33,169,98,Moderately Active,6,7,6,9
28254,True,Jonathan Allen,jonathan.allen@hotmail.com,Other,58,185,107,Sedentary,5,1,8,3
28255,False,David Taylor,david.taylor@yahoo.com,Male,41,175,114,Sedentary,6,6,5,9
28256,False,Laura Lopez,laura.lopez@hotmail.com,Other,18,185,127,Active,3,6,1,5
28257,True,Dorothy Wilson,dorothy.wilson@hotmail.com,Female,47,184,148,Active,9,9,10,5
28258,True,Frank Mitchell,frank.mitchell@example.com,Female,63,197,141,Moderately Active,8,6,2,5
28259,True,Patricia Lewis,patricia.lewis@example.com,Other,53,166,135,Active,8,3,3,1
28260,False,Cynthia Lewis,cynthia.lewis@example.com,Female,23,197,143,Moderately Active,5,2,1,2
28261,True,Sandra King,sandra.king@example.com,Female,22,193,104,Active,6,10,3,10
28262,True,James Carter,james.carter@hotmail.com,Other,37,178,132,Sedentary,5,4,5,1
28263,False,Frank Rodriguez,frank.rodriguez@gmail.com,Male,57,175,87,Active,7,1,7,1
28264,True,Nicole Martinez,nicole.martinez@hotmail.com,Other,51,155,131,Very Active,10,6,5,7
28265,False,Angela Nguyen,angela.nguyen@hotmail.com,Male,21,151,103,Sedentary,10,4,2,2
28266,False,Nancy Robinson,nancy.robinson@gmail.com,Female,58,187,146,Active,3,5,5,9
28267,True,Karen Smith,karen.smith@hotmail.com,Female,18,186,132,Sedentary,4,3,8,8
28268,True,Patrick Gonzalez,patrick.gonzalez@gmail.com,Female,67,166,81,Active,10,2,1,10
28269,True,Susan Flores,susan.flores@hotmail.com,Female,66,170,90,Very Active,1,3,7,4
28270,False,Jacob Lopez,jacob.lopez@hotmail.com,Female,61,183,84,Moderately Active,9,4,2,5
28271,True,Joshua Hill,joshua.hill@hotmail.com,Female,37,166,76,Moderately Active,1,6,8,6
28272,True,Scott Perez,scott.perez@hotmail.com,Male,35,160,119,Moderately Active,2,5,1,5
28273,True,Stephanie Davis,stephanie.davis@hotmail.com,Female,23,183,97,Very Active,10,1,2,3
28274,False,Catherine Moore,catherine.moore@hotmail.com,Male,37,158,97,Sedentary,1,2,8,1
28275,True,George Lopez,george.lopez@yahoo.com,Other,54,187,125,Very Active,3,10,7,7
28276,True,Charles Torres,charles.torres@gmail.com,Other,64,158,114,Very Active,6,4,8,5
28277,True,Eric Martinez,eric.martinez@yahoo.com,Other,29,152,107,Sedentary,6,2,4,1
28278,False,Christine Davis,christine.davis@gmail.com,Female,51,159,103,Active,9,9,2,6
28279,False,Amy Miller,amy.miller@hotmail.com,Male,66,178,96,Active,5,4,6,1
28280,True,Kevin Hill,kevin.hill@example.com,Female,24,196,112,Very Active,3,9,7,5
28281,True,Michelle Lopez,michelle.lopez@example.com,Other,22,182,149,Moderately Active,8,1,5,8
28282,False,Donna Torres,donna.torres@hotmail.com,Male,52,190,61,Very Active,3,5,2,8
28283,True,Nicole Nguyen,nicole.nguyen@gmail.com,Male,65,159,53,Moderately Active,5,10,8,1
28284,True,Michael Rodriguez,michael.rodriguez@gmail.com,Male,19,169,100,Active,4,7,4,10
28285,False,Pamela Jones,pamela.jones@hotmail.com,Female,23,156,128,Moderately Active,5,8,1,9
28286,True,Cynthia Walker,cynthia.walker@gmail.com,Other,59,185,85,Sedentary,6,2,6,2
28287,True,Brandon Wilson,brandon.wilson@hotmail.com,Male,41,158,149,Sedentary,7,6,6,2
28288,False,Virginia Nguyen,virginia.nguyen@gmail.com,Other,45,196,142,Very Active,7,6,2,8
28289,True,Joshua Davis,joshua.davis@hotmail.com,Female,54,153,133,Moderately Active,2,8,3,1
28290,True,Karen Mitchell,karen.mitchell@yahoo.com,Female,53,185,81,Active,7,7,3,9
28291,True,Linda Lee,linda.lee@example.com,Male,58,153,123,Moderately Active,6,9,2,7
28292,True,Pamela Smith,pamela.smith@gmail.com,Other,51,166,139,Active,3,9,3,7
28293,False,Brandon Scott,brandon.scott@gmail.com,Female,28,170,120,Active,5,5,6,3
28294,True,Patrick Allen,patrick.allen@example.com,Other,54,173,102,Moderately Active,1,7,2,4
28295,False,Donna Rivera,donna.rivera@yahoo.com,Female,56,175,101,Moderately Active,10,1,6,8
28296,True,Emily Hernandez,emily.hernandez@yahoo.com,Other,20,189,69,Active,10,3,5,6
28297,False,Margaret Baker,margaret.baker@example.com,Female,59,186,74,Active,7,9,6,2
28298,False,Sharon Rodriguez,sharon.rodriguez@yahoo.com,Other,53,158,141,Very Active,8,6,2,6
28299,True,James Harris,james.harris@yahoo.com,Male,20,181,68,Active,9,2,7,2
28300,False,Sandra Harris,sandra.harris@hotmail.com,Male,24,185,87,Very Active,10,5,8,3
28301,True,Edward Hernandez,edward.hernandez@yahoo.com,Other,56,194,130,Sedentary,8,3,9,8
28302,False,Barbara Clark,barbara.clark@gmail.com,Other,47,189,100,Moderately Active,3,8,9,3
28303,True,Anna Flores,anna.flores@hotmail.com,Female,67,184,65,Sedentary,7,8,10,5
28304,True,Betty Smith,betty.smith@hotmail.com,Male,40,152,82,Very Active,8,10,3,6
28305,False,Mark Johnson,mark.johnson@hotmail.com,Male,34,198,148,Active,1,4,8,1
28306,False,Linda Harris,linda.harris@gmail.com,Female,46,195,55,Moderately Active,9,10,10,9
28307,False,Angela Allen,angela.allen@hotmail.com,Other,32,197,104,Moderately Active,6,3,3,5
28308,False,Ashley Harris,ashley.harris@example.com,Male,28,190,60,Very Active,5,5,7,1
28309,True,Timothy Gonzalez,timothy.gonzalez@yahoo.com,Male,38,193,110,Sedentary,3,2,6,1
28310,True,Michelle Perez,michelle.perez@example.com,Male,54,153,111,Sedentary,5,3,8,6
28311,False,Donald Rodriguez,donald.rodriguez@hotmail.com,Male,52,168,61,Active,4,9,4,8
28312,False,Ashley Johnson,ashley.johnson@example.com,Other,32,176,121,Active,5,7,6,4
28313,True,Jennifer Jackson,jennifer.jackson@hotmail.com,Male,62,165,99,Sedentary,7,3,1,2
28314,False,Timothy King,timothy.king@gmail.com,Male,18,152,87,Active,2,2,1,2
28315,True,Stephanie Allen,stephanie.allen@yahoo.com,Female,51,194,89,Sedentary,6,3,5,3
28316,True,Lisa Clark,lisa.clark@hotmail.com,Female,26,175,137,Very Active,7,3,2,7
28317,True,Angela Rivera,angela.rivera@gmail.com,Other,48,157,122,Sedentary,1,5,10,2
28318,False,Janet Baker,janet.baker@example.com,Female,22,179,50,Moderately Active,2,3,3,9
28319,False,Patrick Johnson,patrick.johnson@gmail.com,Other,49,178,63,Active,4,4,1,4
28320,False,Elizabeth Martinez,elizabeth.martinez@hotmail.com,Male,38,173,70,Active,8,1,9,10
28321,True,William Lee,william.lee@hotmail.com,Female,64,182,71,Very Active,3,3,5,4
28322,False,Benjamin Wright,benjamin.wright@example.com,Other,68,167,67,Sedentary,9,9,2,3
28323,True,Kimberly Anderson,kimberly.anderson@hotmail.com,Male,44,182,53,Active,2,2,5,4
28324,False,Scott Walker,scott.walker@yahoo.com,Male,60,169,74,Sedentary,6,6,3,4
28325,True,Barbara Carter,barbara.carter@yahoo.com,Male,21,198,62,Sedentary,6,10,5,2
28326,False,Samantha Gonzalez,samantha.gonzalez@example.com,Other,37,196,98,Sedentary,10,3,8,6
28327,True,Emily White,emily.white@hotmail.com,Other,23,175,78,Active,6,6,3,5
28328,True,James Harris,james.harris@example.com,Other,31,194,142,Very Active,7,4,9,5
28329,True,Jacob Hall,jacob.hall@hotmail.com,Female,63,190,54,Active,7,2,5,3
28330,False,Sandra Davis,sandra.davis@gmail.com,Female,44,176,143,Active,10,2,9,1
28331,False,Jacob Adams,jacob.adams@yahoo.com,Male,46,156,74,Moderately Active,8,9,1,8
28332,False,Ronald Garcia,ronald.garcia@example.com,Male,25,172,115,Moderately Active,5,9,9,1
28333,True,Amanda Johnson,amanda.johnson@hotmail.com,Female,55,194,93,Moderately Active,3,5,4,5
28334,False,Melissa Flores,melissa.flores@gmail.com,Female,36,189,125,Sedentary,6,9,3,6
28335,True,Benjamin Nelson,benjamin.nelson@hotmail.com,Male,55,174,120,Active,5,9,2,2
28336,True,Donald White,donald.white@yahoo.com,Male,63,150,61,Active,10,4,10,9
28337,True,Joseph Martin,joseph.martin@example.com,Other,49,180,125,Very Active,10,10,6,7
28338,True,Raymond Garcia,raymond.garcia@example.com,Female,67,161,73,Active,4,8,8,5
28339,False,Elizabeth Baker,elizabeth.baker@example.com,Male,28,176,90,Very Active,8,9,1,5
28340,True,Kimberly Moore,kimberly.moore@example.com,Other,57,152,97,Sedentary,8,5,6,8
28341,True,Sarah Campbell,sarah.campbell@hotmail.com,Male,39,169,107,Sedentary,3,6,3,9
28342,False,Donald Young,donald.young@hotmail.com,Female,29,175,75,Active,3,2,3,6
28343,False,Rebecca Lewis,rebecca.lewis@yahoo.com,Female,39,198,107,Sedentary,5,1,4,6
28344,True,Katherine Flores,katherine.flores@yahoo.com,Female,32,168,115,Very Active,9,4,1,8
28345,True,William Baker,william.baker@gmail.com,Other,69,189,141,Sedentary,6,7,6,10
28346,True,Raymond Roberts,raymond.roberts@example.com,Male,65,167,92,Moderately Active,5,7,5,5
28347,False,Timothy Lewis,timothy.lewis@gmail.com,Other,36,192,78,Very Active,1,7,4,3
28348,True,Sharon Flores,sharon.flores@hotmail.com,Other,60,175,90,Sedentary,3,5,3,10
28349,True,William Davis,william.davis@example.com,Other,24,165,138,Active,7,1,4,3
28350,True,Shirley Johnson,shirley.johnson@hotmail.com,Female,22,183,58,Moderately Active,7,7,3,7
28351,False,Raymond Jones,raymond.jones@gmail.com,Male,59,157,118,Moderately Active,6,9,5,2
28352,True,Melissa Gonzalez,melissa.gonzalez@hotmail.com,Male,38,195,55,Moderately Active,8,2,7,7
28353,False,John Adams,john.adams@example.com,Other,61,161,131,Active,9,1,7,3
28354,False,Christine Scott,christine.scott@example.com,Male,46,193,88,Very Active,3,7,10,4
28355,False,Justin Walker,justin.walker@gmail.com,Female,57,197,140,Active,8,1,10,6
28356,False,Janet King,janet.king@yahoo.com,Female,18,189,63,Sedentary,1,6,10,3
28357,False,Michelle Flores,michelle.flores@hotmail.com,Female,37,186,97,Sedentary,4,5,2,8
28358,True,Ruth Mitchell,ruth.mitchell@hotmail.com,Male,24,166,120,Active,7,4,6,9
28359,False,Matthew Martinez,matthew.martinez@yahoo.com,Male,34,190,78,Very Active,10,5,2,1
28360,True,John Moore,john.moore@gmail.com,Other,34,157,85,Very Active,6,8,6,5
28361,True,Melissa Ramirez,melissa.ramirez@yahoo.com,Other,22,172,83,Moderately Active,6,9,3,2
28362,True,Samuel Martin,samuel.martin@hotmail.com,Male,68,150,57,Moderately Active,2,1,10,10
28363,False,Jack Carter,jack.carter@gmail.com,Other,56,165,60,Sedentary,6,8,5,9
28364,False,Donna Scott,donna.scott@yahoo.com,Female,20,170,59,Sedentary,10,2,5,4
28365,False,Donna White,donna.white@gmail.com,Other,57,156,119,Active,1,9,2,10
28366,False,Christine Williams,christine.williams@hotmail.com,Male,69,178,113,Sedentary,6,6,4,6
28367,False,Donna Harris,donna.harris@example.com,Male,36,175,135,Moderately Active,7,3,5,8
28368,False,Kevin Miller,kevin.miller@gmail.com,Female,69,198,55,Active,4,1,3,8
28369,True,Anna Clark,anna.clark@hotmail.com,Male,52,170,55,Moderately Active,3,8,7,2
28370,False,Dorothy Adams,dorothy.adams@example.com,Other,65,186,116,Very Active,5,10,5,1
28371,True,Edward Adams,edward.adams@gmail.com,Other,44,191,112,Active,9,6,1,3
28372,True,Ryan Jackson,ryan.jackson@hotmail.com,Other,58,194,71,Moderately Active,2,8,4,9
28373,False,Scott Flores,scott.flores@gmail.com,Other,32,184,131,Moderately Active,4,1,4,4
28374,False,Pamela Carter,pamela.carter@yahoo.com,Female,69,170,149,Moderately Active,10,2,8,4
28375,False,Eric Hernandez,eric.hernandez@yahoo.com,Male,51,161,64,Active,7,6,3,4
28376,False,Steven Lewis,steven.lewis@hotmail.com,Female,49,174,85,Very Active,9,10,2,1
28377,True,Ruth Martinez,ruth.martinez@gmail.com,Female,35,170,122,Active,4,7,7,7
28378,False,Christine Mitchell,christine.mitchell@example.com,Other,51,181,101,Very Active,6,5,10,9
28379,True,Richard Harris,richard.harris@hotmail.com,Female,42,152,129,Moderately Active,6,6,9,8
28380,False,Jason Adams,jason.adams@hotmail.com,Other,30,156,104,Very Active,8,7,1,3
28381,True,Betty Jackson,betty.jackson@hotmail.com,Male,48,191,103,Very Active,10,6,7,3
28382,False,Lisa Johnson,lisa.johnson@gmail.com,Female,38,193,130,Active,8,5,10,6
28383,True,Sandra Moore,sandra.moore@yahoo.com,Other,63,155,56,Moderately Active,6,5,4,8
28384,True,Amanda Scott,amanda.scott@gmail.com,Female,50,170,145,Very Active,2,5,7,9
28385,False,Justin Moore,justin.moore@hotmail.com,Male,25,183,54,Sedentary,1,3,2,8
28386,True,Kenneth Campbell,kenneth.campbell@gmail.com,Female,26,193,133,Very Active,2,10,9,8
28387,False,Brenda Walker,brenda.walker@yahoo.com,Female,31,154,122,Very Active,2,6,10,8
28388,False,Kathleen Nelson,kathleen.nelson@gmail.com,Other,21,197,140,Sedentary,9,9,9,6
28389,True,Donna Davis,donna.davis@example.com,Male,43,196,86,Sedentary,7,8,9,6
28390,False,Margaret Scott,margaret.scott@yahoo.com,Other,47,153,116,Moderately Active,7,1,6,2
28391,False,Samantha Williams,samantha.williams@hotmail.com,Female,58,166,61,Moderately Active,3,5,3,5
28392,True,Patricia Ramirez,patricia.ramirez@example.com,Female,42,191,136,Active,6,6,9,1
28393,True,Sandra Hernandez,sandra.hernandez@example.com,Male,28,175,146,Active,1,4,6,4
28394,False,Rachel Robinson,rachel.robinson@yahoo.com,Female,60,191,67,Active,9,7,7,8
28395,False,Frank Hill,frank.hill@hotmail.com,Female,52,188,138,Very Active,10,3,9,3
28396,False,Angela Rivera,angela.rivera@example.com,Other,42,198,66,Sedentary,4,7,6,1
28397,True,George Wilson,george.wilson@hotmail.com,Male,44,199,86,Moderately Active,5,9,1,2
28398,False,James Hernandez,james.hernandez@yahoo.com,Other,29,173,120,Moderately Active,3,3,5,5
28399,True,Betty Hill,betty.hill@hotmail.com,Female,44,176,120,Moderately Active,10,1,5,6
28400,False,Margaret Campbell,margaret.campbell@yahoo.com,Other,41,189,57,Very Active,4,5,4,1
28401,True,Debra Anderson,debra.anderson@hotmail.com,Male,20,199,140,Moderately Active,4,2,4,8
28402,False,Ruth Rivera,ruth.rivera@example.com,Other,42,188,62,Moderately Active,2,10,5,9
28403,False,Andrew Carter,andrew.carter@hotmail.com,Female,19,189,114,Sedentary,7,10,9,1
28404,True,Anthony Torres,anthony.torres@gmail.com,Female,23,175,87,Active,5,10,2,10
28405,True,Katherine Miller,katherine.miller@gmail.com,Other,18,194,61,Very Active,2,10,4,5
28406,False,Virginia Green,virginia.green@hotmail.com,Female,37,168,129,Very Active,10,10,10,7
28407,True,Jessica Smith,jessica.smith@hotmail.com,Male,55,196,55,Very Active,9,6,5,7
28408,False,William Johnson,william.johnson@gmail.com,Female,32,152,102,Moderately Active,1,2,6,4
28409,True,Brandon Walker,brandon.walker@yahoo.com,Male,63,167,99,Moderately Active,4,5,6,3
28410,True,Raymond Allen,raymond.allen@yahoo.com,Other,39,156,70,Moderately Active,9,10,5,8
28411,False,Nicholas White,nicholas.white@hotmail.com,Female,64,166,144,Sedentary,10,9,1,9
28412,False,Helen Mitchell,helen.mitchell@example.com,Other,37,178,122,Moderately Active,6,9,1,8
28413,False,Catherine Davis,catherine.davis@yahoo.com,Other,18,167,113,Active,3,3,1,4
28414,True,Frank Johnson,frank.johnson@hotmail.com,Male,47,165,109,Active,2,4,2,7
28415,True,Rebecca Ramirez,rebecca.ramirez@hotmail.com,Male,28,152,65,Sedentary,2,2,3,2
28416,False,Samantha Clark,samantha.clark@example.com,Other,41,165,106,Sedentary,2,9,7,9
28417,True,Andrew Anderson,andrew.anderson@yahoo.com,Male,64,161,90,Very Active,2,4,1,4
28418,False,Nicole Gonzalez,nicole.gonzalez@yahoo.com,Other,67,170,63,Sedentary,5,5,8,7
28419,True,Kathleen Miller,kathleen.miller@hotmail.com,Male,59,177,124,Very Active,10,3,3,1
28420,True,Anthony Young,anthony.young@yahoo.com,Other,69,193,121,Moderately Active,8,3,4,5
28421,False,Patrick Smith,patrick.smith@yahoo.com,Male,20,192,52,Active,1,1,6,3
28422,True,Mary Robinson,mary.robinson@gmail.com,Male,66,191,87,Very Active,3,1,9,3
28423,False,William Anderson,william.anderson@gmail.com,Other,26,170,147,Moderately Active,3,8,9,4
28424,False,Kevin Carter,kevin.carter@hotmail.com,Other,29,172,57,Sedentary,2,1,4,4
28425,True,Stephen Hill,stephen.hill@hotmail.com,Female,25,158,139,Moderately Active,8,9,1,8
28426,True,Brandon Martin,brandon.martin@example.com,Female,22,193,133,Sedentary,3,10,8,2
28427,True,Debra Robinson,debra.robinson@hotmail.com,Male,39,187,104,Active,6,1,8,6
28428,True,Kevin Johnson,kevin.johnson@yahoo.com,Other,28,162,144,Very Active,3,3,3,1
28429,False,Jacob Martinez,jacob.martinez@gmail.com,Other,53,177,106,Sedentary,7,3,8,8
28430,False,Shirley Carter,shirley.carter@example.com,Male,52,173,85,Very Active,10,3,2,4
28431,True,Lisa Thompson,lisa.thompson@example.com,Female,48,199,117,Very Active,9,7,7,8
28432,True,Rachel Johnson,rachel.johnson@hotmail.com,Female,63,157,92,Active,2,10,10,5
28433,True,Margaret Hall,margaret.hall@hotmail.com,Other,52,198,61,Moderately Active,7,8,8,9
28434,True,Kathleen Jackson,kathleen.jackson@example.com,Male,46,174,79,Active,2,4,3,6
28435,False,Helen Davis,helen.davis@yahoo.com,Other,60,151,92,Sedentary,3,9,10,9
28436,False,Michael Lewis,michael.lewis@gmail.com,Other,30,171,111,Moderately Active,2,3,2,1
28437,False,Rebecca Perez,rebecca.perez@hotmail.com,Male,21,185,77,Moderately Active,1,2,6,9
28438,True,Scott Taylor,scott.taylor@example.com,Male,36,157,111,Moderately Active,2,9,2,8
28439,True,Elizabeth Rivera,elizabeth.rivera@example.com,Other,55,182,128,Sedentary,1,7,5,5
28440,True,Michael Wright,michael.wright@example.com,Other,37,150,134,Sedentary,3,9,9,8
28441,True,Matthew Taylor,matthew.taylor@example.com,Male,68,163,116,Sedentary,1,10,7,7
28442,False,Janet Davis,janet.davis@yahoo.com,Female,43,197,51,Active,2,9,9,5
28443,True,Paul Rodriguez,paul.rodriguez@gmail.com,Other,58,154,114,Very Active,10,3,9,2
28444,False,Thomas Perez,thomas.perez@yahoo.com,Female,68,190,54,Very Active,4,1,3,5
28445,False,Nancy Thomas,nancy.thomas@example.com,Male,41,199,101,Very Active,8,7,1,10
28446,False,Anna Harris,anna.harris@example.com,Male,64,190,125,Very Active,10,4,5,4
28447,False,Janet Sanchez,janet.sanchez@hotmail.com,Other,23,198,140,Very Active,7,4,10,6
28448,False,Scott Hill,scott.hill@example.com,Female,55,159,138,Moderately Active,9,10,10,3
28449,True,Eric King,eric.king@yahoo.com,Female,31,186,94,Active,10,3,4,9
28450,False,Katherine Jackson,katherine.jackson@gmail.com,Female,40,157,133,Sedentary,4,4,7,8
28451,False,Kevin Gonzalez,kevin.gonzalez@yahoo.com,Male,58,156,139,Sedentary,8,5,4,4
28452,True,David Smith,david.smith@example.com,Male,55,176,79,Sedentary,4,4,1,6
28453,True,Benjamin Gonzalez,benjamin.gonzalez@example.com,Female,51,198,95,Very Active,9,9,9,3
28454,True,Charles Harris,charles.harris@yahoo.com,Female,41,165,137,Active,2,5,2,9
28455,False,Rachel Adams,rachel.adams@hotmail.com,Other,58,181,133,Active,8,1,8,6
28456,True,Melissa Anderson,melissa.anderson@gmail.com,Other,68,153,77,Active,2,9,4,9
28457,True,William Thomas,william.thomas@yahoo.com,Female,27,185,132,Very Active,7,2,3,10
28458,False,Sharon Williams,sharon.williams@gmail.com,Other,36,187,62,Active,7,10,2,3
28459,False,Edward White,edward.white@hotmail.com,Female,27,191,80,Sedentary,5,7,3,2
28460,False,Barbara Perez,barbara.perez@yahoo.com,Other,27,178,116,Very Active,7,3,4,7
28461,False,Katherine Mitchell,katherine.mitchell@hotmail.com,Other,20,183,93,Active,7,3,8,8
28462,False,Cynthia Nelson,cynthia.nelson@example.com,Other,69,162,99,Moderately Active,9,9,7,1
28463,False,Paul Campbell,paul.campbell@gmail.com,Other,30,161,64,Sedentary,8,2,1,10
28464,True,Nicholas Campbell,nicholas.campbell@hotmail.com,Other,40,166,100,Moderately Active,7,3,6,8
28465,False,Matthew Anderson,matthew.anderson@gmail.com,Other,24,169,59,Very Active,10,6,1,4
28466,False,Susan Lewis,susan.lewis@yahoo.com,Male,18,152,85,Sedentary,3,10,4,6
28467,True,Michelle Taylor,michelle.taylor@example.com,Other,31,173,84,Active,4,3,9,7
28468,True,Debra Adams,debra.adams@example.com,Male,24,158,98,Active,4,10,2,6
28469,True,Nicholas Clark,nicholas.clark@yahoo.com,Male,60,180,132,Active,10,4,3,3
28470,True,Edward Green,edward.green@hotmail.com,Other,53,168,118,Sedentary,6,10,8,9
28471,True,Michael Brown,michael.brown@example.com,Male,68,184,145,Moderately Active,1,7,2,2
28472,True,Steven Miller,steven.miller@example.com,Other,38,170,106,Very Active,4,9,1,8
28473,False,Joshua Thompson,joshua.thompson@yahoo.com,Male,36,173,120,Very Active,8,9,3,6
28474,False,Kathleen Lewis,kathleen.lewis@yahoo.com,Male,66,174,108,Very Active,10,10,2,3
28475,False,Katherine Clark,katherine.clark@gmail.com,Male,42,185,130,Very Active,1,5,3,3
28476,False,Nicole Torres,nicole.torres@gmail.com,Other,48,172,61,Very Active,2,6,6,2
28477,True,Benjamin Walker,benjamin.walker@hotmail.com,Female,41,190,143,Very Active,9,9,8,3
28478,True,Laura Martin,laura.martin@hotmail.com,Other,22,176,70,Sedentary,1,4,8,8
28479,True,Kathleen Scott,kathleen.scott@gmail.com,Female,25,165,86,Very Active,9,7,2,2
28480,True,Jonathan Anderson,jonathan.anderson@hotmail.com,Female,31,198,125,Moderately Active,8,3,5,9
28481,True,Mark Hernandez,mark.hernandez@gmail.com,Other,67,199,79,Sedentary,5,4,8,4
28482,False,Susan Jackson,susan.jackson@gmail.com,Other,21,171,134,Active,4,7,6,2
28483,True,Larry Campbell,larry.campbell@yahoo.com,Male,22,169,66,Sedentary,5,8,3,1
28484,False,Mark Williams,mark.williams@example.com,Other,18,190,65,Moderately Active,3,10,3,8
28485,False,Kimberly Johnson,kimberly.johnson@example.com,Other,34,164,134,Active,9,1,3,9
28486,True,Christopher Davis,christopher.davis@example.com,Male,31,195,138,Sedentary,1,4,6,7
28487,True,Nicole Nguyen,nicole.nguyen@gmail.com,Other,65,170,95,Sedentary,4,6,9,7
28488,True,Barbara Harris,barbara.harris@hotmail.com,Other,26,161,104,Active,1,1,6,1
28489,True,Kimberly Hall,kimberly.hall@gmail.com,Male,50,182,137,Moderately Active,4,5,4,10
28490,False,Nancy Green,nancy.green@gmail.com,Female,59,172,103,Sedentary,10,9,4,3
28491,False,Daniel Smith,daniel.smith@gmail.com,Male,35,182,80,Sedentary,3,8,8,3
28492,True,Rebecca Allen,rebecca.allen@gmail.com,Female,37,160,109,Moderately Active,4,3,6,8
28493,True,Michelle Rodriguez,michelle.rodriguez@example.com,Female,54,165,149,Very Active,5,2,2,1
28494,False,Samantha Adams,samantha.adams@gmail.com,Other,42,167,103,Very Active,6,5,2,5
28495,True,Christine Perez,christine.perez@gmail.com,Male,58,189,103,Sedentary,2,1,1,5
28496,True,Cynthia Garcia,cynthia.garcia@gmail.com,Female,37,151,66,Active,10,8,4,5
28497,True,Christopher Green,christopher.green@example.com,Other,56,194,55,Very Active,8,9,7,2
28498,True,Melissa Perez,melissa.perez@yahoo.com,Male,66,165,75,Sedentary,10,9,5,8
28499,True,Anna Wright,anna.wright@gmail.com,Male,38,189,148,Very Active,7,6,6,8
28500,False,Katherine Moore,katherine.moore@example.com,Other,55,178,111,Active,6,6,5,10
28501,True,Michael Allen,michael.allen@hotmail.com,Other,37,184,107,Sedentary,4,3,3,9
28502,False,Carol Taylor,carol.taylor@gmail.com,Female,64,169,70,Sedentary,3,4,7,1
28503,False,Donald Ramirez,donald.ramirez@gmail.com,Female,38,193,89,Sedentary,7,5,3,7
28504,False,Michelle Carter,michelle.carter@hotmail.com,Female,53,180,96,Moderately Active,1,6,4,10
28505,False,Raymond Clark,raymond.clark@yahoo.com,Female,53,157,59,Very Active,5,10,2,3
28506,True,Robert Young,robert.young@example.com,Female,43,162,122,Moderately Active,8,5,5,9
28507,True,Scott Torres,scott.torres@gmail.com,Female,64,189,84,Active,7,4,5,9
28508,True,Virginia Lopez,virginia.lopez@example.com,Other,28,184,74,Active,9,1,5,8
28509,False,Linda Hall,linda.hall@yahoo.com,Male,68,162,94,Very Active,9,4,1,5
28510,False,Jason Davis,jason.davis@yahoo.com,Other,57,177,78,Very Active,6,1,9,4
28511,True,Carol Mitchell,carol.mitchell@gmail.com,Female,30,173,60,Active,4,3,7,4
28512,False,Stephen Wilson,stephen.wilson@yahoo.com,Other,21,174,144,Very Active,6,1,1,6
28513,False,Angela Adams,angela.adams@hotmail.com,Female,68,163,123,Active,10,8,10,9
28514,False,Raymond Smith,raymond.smith@example.com,Other,42,193,126,Sedentary,4,2,6,8
28515,True,Charles Jackson,charles.jackson@yahoo.com,Other,35,150,89,Active,7,3,5,2
28516,False,Melissa Carter,melissa.carter@example.com,Male,19,171,142,Sedentary,3,6,1,1
28517,True,Eric Ramirez,eric.ramirez@example.com,Female,30,182,82,Moderately Active,7,3,1,9
28518,False,Richard Thomas,richard.thomas@example.com,Male,48,179,116,Sedentary,1,3,3,10
28519,True,Frank Walker,frank.walker@gmail.com,Other,30,159,143,Very Active,1,2,7,2
28520,True,Anna Anderson,anna.anderson@yahoo.com,Other,67,161,82,Sedentary,7,6,4,1
28521,False,Jonathan Sanchez,jonathan.sanchez@gmail.com,Male,32,197,145,Active,2,5,6,7
28522,True,Benjamin Anderson,benjamin.anderson@hotmail.com,Female,65,165,56,Sedentary,8,4,1,9
28523,True,Anna Johnson,anna.johnson@hotmail.com,Male,60,160,87,Very Active,2,5,1,7
28524,False,Carol Green,carol.green@example.com,Female,61,155,124,Sedentary,5,9,7,9
28525,False,Andrew Harris,andrew.harris@example.com,Female,59,184,54,Moderately Active,9,10,6,9
28526,False,Melissa Hernandez,melissa.hernandez@yahoo.com,Male,20,173,118,Active,6,10,1,10
28527,True,James Rivera,james.rivera@example.com,Male,66,177,54,Moderately Active,8,5,3,2
28528,True,Robert Jackson,robert.jackson@hotmail.com,Other,67,177,98,Very Active,10,8,2,6
28529,True,Stephanie Rodriguez,stephanie.rodriguez@hotmail.com,Other,35,160,142,Sedentary,3,6,5,10
28530,True,Deborah Allen,deborah.allen@hotmail.com,Female,34,170,104,Active,8,8,7,6
28531,True,Rachel Allen,rachel.allen@gmail.com,Female,38,152,77,Active,7,7,10,6
28532,False,Kenneth Lee,kenneth.lee@yahoo.com,Female,59,167,114,Moderately Active,2,4,7,7
28533,False,Pamela Green,pamela.green@gmail.com,Other,66,159,137,Sedentary,2,2,9,1
28534,True,Michelle Carter,michelle.carter@gmail.com,Other,30,178,148,Active,1,4,3,1
28535,False,Sarah Lopez,sarah.lopez@example.com,Other,52,165,148,Moderately Active,10,10,6,4
28536,False,John Allen,john.allen@gmail.com,Male,52,190,133,Moderately Active,8,5,2,3
28537,True,Angela Williams,angela.williams@yahoo.com,Female,40,181,81,Active,2,3,10,9
28538,False,Ashley Martinez,ashley.martinez@gmail.com,Other,47,194,95,Very Active,10,2,6,3
28539,True,Larry Torres,larry.torres@example.com,Female,60,154,125,Active,8,2,5,4
28540,True,Debra Smith,debra.smith@gmail.com,Other,36,196,138,Sedentary,7,3,1,4
28541,True,Jacob Hall,jacob.hall@example.com,Other,59,151,141,Moderately Active,10,4,2,7
28542,True,Donna Lopez,donna.lopez@hotmail.com,Male,24,177,62,Moderately Active,8,2,6,8
28543,False,Brenda Baker,brenda.baker@hotmail.com,Female,20,185,54,Moderately Active,6,4,2,3
28544,False,Kenneth Moore,kenneth.moore@gmail.com,Female,33,190,93,Very Active,8,5,8,2
28545,False,Christine Baker,christine.baker@gmail.com,Other,20,187,131,Very Active,9,7,6,10
28546,True,Elizabeth Allen,elizabeth.allen@hotmail.com,Male,36,191,60,Very Active,5,8,2,1
28547,False,Benjamin White,benjamin.white@example.com,Female,27,175,140,Sedentary,1,1,6,1
28548,False,Alexander Jackson,alexander.jackson@hotmail.com,Female,48,166,99,Sedentary,4,9,4,8
28549,True,Elizabeth Gonzalez,elizabeth.gonzalez@yahoo.com,Other,65,159,58,Active,9,4,10,2
28550,True,Cynthia Flores,cynthia.flores@gmail.com,Other,32,181,110,Moderately Active,4,5,10,6
28551,True,Ruth Adams,ruth.adams@gmail.com,Other,59,197,74,Moderately Active,9,6,9,9
28552,False,Rachel Campbell,rachel.campbell@hotmail.com,Male,53,174,100,Very Active,9,7,9,6
28553,False,Ashley White,ashley.white@yahoo.com,Other,43,163,92,Active,9,10,2,3
28554,True,Anthony Lewis,anthony.lewis@gmail.com,Male,22,173,57,Sedentary,5,4,1,5
28555,False,Timothy Hall,timothy.hall@gmail.com,Male,47,160,61,Moderately Active,2,2,5,9
28556,False,Sarah Smith,sarah.smith@gmail.com,Female,61,180,103,Moderately Active,10,9,10,1
28557,True,Sharon Jones,sharon.jones@yahoo.com,Female,60,157,128,Active,8,8,3,6
28558,False,Benjamin Davis,benjamin.davis@gmail.com,Other,32,173,146,Very Active,9,6,5,9
28559,False,Michelle Anderson,michelle.anderson@yahoo.com,Other,38,175,66,Moderately Active,8,3,1,6
28560,False,Michael White,michael.white@example.com,Other,38,174,123,Active,10,10,4,6
28561,True,Brenda Walker,brenda.walker@example.com,Female,55,155,78,Sedentary,10,4,7,9
28562,False,Margaret Miller,margaret.miller@gmail.com,Other,44,167,84,Sedentary,3,8,6,6
28563,True,Laura Adams,laura.adams@gmail.com,Male,61,154,129,Sedentary,5,3,3,2
28564,True,Laura Martin,laura.martin@yahoo.com,Female,37,195,75,Moderately Active,7,4,5,7
28565,True,Mary Scott,mary.scott@example.com,Male,36,189,67,Moderately Active,1,10,10,7
28566,False,Brandon King,brandon.king@example.com,Female,22,152,123,Very Active,5,6,7,8
28567,False,Timothy Wright,timothy.wright@example.com,Female,27,169,145,Very Active,8,5,8,3
28568,False,Betty Hernandez,betty.hernandez@gmail.com,Male,34,156,131,Sedentary,1,3,8,9
28569,False,Stephen Thomas,stephen.thomas@hotmail.com,Other,39,164,148,Very Active,7,3,8,3
28570,True,Barbara White,barbara.white@gmail.com,Female,54,153,121,Active,9,7,5,4
28571,True,Edward White,edward.white@example.com,Female,48,181,147,Very Active,10,5,9,8
28572,True,Daniel Perez,daniel.perez@example.com,Other,23,196,138,Active,8,5,1,6
28573,True,Cynthia Thompson,cynthia.thompson@gmail.com,Female,47,192,88,Moderately Active,5,4,3,8
28574,False,Daniel Gonzalez,daniel.gonzalez@example.com,Other,29,153,146,Active,10,9,6,9
28575,False,Frank Miller,frank.miller@hotmail.com,Female,39,180,92,Active,8,4,6,10
28576,False,Sharon Sanchez,sharon.sanchez@example.com,Male,39,171,90,Sedentary,4,1,6,1
28577,True,Rachel Clark,rachel.clark@gmail.com,Other,22,165,133,Active,6,1,8,8
28578,True,Larry Jackson,larry.jackson@gmail.com,Female,46,183,61,Active,7,2,4,6
28579,False,James Taylor,james.taylor@example.com,Female,31,155,93,Active,3,5,1,2
28580,True,Kenneth Taylor,kenneth.taylor@gmail.com,Female,24,166,133,Moderately Active,4,3,4,10
28581,False,Jonathan Thompson,jonathan.thompson@hotmail.com,Male,66,153,111,Very Active,3,8,1,6
28582,False,Sandra Carter,sandra.carter@hotmail.com,Other,18,171,119,Sedentary,5,5,6,9
28583,False,Edward Green,edward.green@gmail.com,Other,38,175,60,Moderately Active,3,4,3,6
28584,True,Kenneth Lopez,kenneth.lopez@hotmail.com,Male,18,160,128,Very Active,1,4,1,8
28585,False,Emma Roberts,emma.roberts@gmail.com,Female,64,168,131,Sedentary,5,10,2,7
28586,False,Michelle Mitchell,michelle.mitchell@gmail.com,Male,56,170,139,Very Active,3,8,9,2
28587,False,Emma White,emma.white@gmail.com,Male,36,178,129,Active,4,7,2,10
28588,False,John Martin,john.martin@hotmail.com,Male,47,193,96,Very Active,1,6,3,2
28589,True,Kathleen Anderson,kathleen.anderson@yahoo.com,Female,66,153,122,Sedentary,6,9,3,9
28590,False,Gregory Harris,gregory.harris@gmail.com,Male,50,162,112,Sedentary,2,3,10,2
28591,False,John Garcia,john.garcia@example.com,Female,47,178,105,Moderately Active,6,2,10,7
28592,False,Thomas Smith,thomas.smith@example.com,Male,52,166,126,Sedentary,4,7,8,7
28593,True,Gregory Lewis,gregory.lewis@hotmail.com,Other,66,160,114,Sedentary,7,9,7,9
28594,True,Margaret Ramirez,margaret.ramirez@example.com,Female,40,157,75,Moderately Active,4,2,4,1
28595,False,Kathleen Walker,kathleen.walker@gmail.com,Other,33,185,110,Sedentary,10,1,9,2
28596,False,Karen Thomas,karen.thomas@yahoo.com,Male,29,164,134,Sedentary,5,8,9,8
28597,False,Gregory Williams,gregory.williams@gmail.com,Female,54,154,58,Moderately Active,9,2,7,6
28598,True,Sharon Campbell,sharon.campbell@example.com,Female,55,187,50,Active,8,7,1,10
28599,True,Sandra Campbell,sandra.campbell@example.com,Female,52,192,143,Active,5,7,8,1
28600,False,Anthony Jones,anthony.jones@gmail.com,Female,43,177,60,Sedentary,3,8,5,1
28601,False,Nicole Miller,nicole.miller@gmail.com,Other,33,176,113,Active,10,6,9,10
28602,False,Janet Gonzalez,janet.gonzalez@example.com,Other,29,154,100,Very Active,3,8,6,3
28603,False,Elizabeth Thomas,elizabeth.thomas@hotmail.com,Male,27,155,116,Active,4,8,7,1
28604,True,Carol King,carol.king@example.com,Female,47,197,124,Very Active,8,2,1,10
28605,True,Janet Flores,janet.flores@hotmail.com,Other,38,165,99,Active,5,7,8,8
28606,False,Charles Green,charles.green@example.com,Male,64,152,131,Active,9,6,4,2
28607,True,George Allen,george.allen@hotmail.com,Male,36,180,120,Sedentary,6,3,2,7
28608,False,Kimberly Nelson,kimberly.nelson@hotmail.com,Other,29,171,75,Sedentary,9,9,3,2
28609,False,Helen Jones,helen.jones@yahoo.com,Male,40,166,85,Sedentary,1,4,1,4
28610,False,Melissa Carter,melissa.carter@yahoo.com,Other,18,157,142,Sedentary,9,7,9,5
28611,False,Benjamin Scott,benjamin.scott@gmail.com,Female,50,178,139,Moderately Active,4,6,9,5
28612,False,George Hall,george.hall@example.com,Female,31,198,135,Moderately Active,7,6,8,1
28613,True,Patricia Mitchell,patricia.mitchell@yahoo.com,Other,40,171,107,Very Active,9,4,1,3
28614,True,Emma Gonzalez,emma.gonzalez@example.com,Other,29,179,148,Active,3,9,6,3
28615,True,Alexander Lewis,alexander.lewis@yahoo.com,Other,59,150,111,Moderately Active,5,1,3,8
28616,False,Michelle Wright,michelle.wright@example.com,Other,44,173,122,Sedentary,6,9,3,10
28617,False,Gary Anderson,gary.anderson@yahoo.com,Male,63,194,56,Moderately Active,4,8,7,2
28618,True,Amanda Nelson,amanda.nelson@gmail.com,Female,64,160,116,Moderately Active,4,7,6,8
28619,True,Anthony Smith,anthony.smith@gmail.com,Male,59,186,92,Moderately Active,1,6,1,1
28620,False,Frank Brown,frank.brown@hotmail.com,Other,60,192,99,Active,3,5,1,7
28621,True,Ruth Jones,ruth.jones@gmail.com,Other,26,185,75,Active,7,2,3,1
28622,True,Ronald Smith,ronald.smith@example.com,Female,55,152,84,Sedentary,6,2,10,8
28623,False,Linda Ramirez,linda.ramirez@yahoo.com,Female,59,160,89,Active,5,9,9,7
28624,True,Robert Lee,robert.lee@example.com,Male,68,158,114,Very Active,9,5,7,10
28625,True,James Garcia,james.garcia@hotmail.com,Other,69,194,91,Sedentary,2,1,8,5
28626,False,Joshua Carter,joshua.carter@gmail.com,Male,67,182,54,Moderately Active,10,5,3,10
28627,False,William Allen,william.allen@example.com,Female,58,191,122,Moderately Active,8,8,8,4
28628,True,Matthew Brown,matthew.brown@hotmail.com,Male,46,165,51,Very Active,10,8,8,4
28629,False,Stephen Thomas,stephen.thomas@gmail.com,Male,39,173,76,Active,4,2,1,2
28630,True,Gregory Garcia,gregory.garcia@gmail.com,Female,48,173,62,Moderately Active,2,10,5,4
28631,False,Dennis Lee,dennis.lee@example.com,Other,61,197,58,Active,5,3,10,6
28632,True,Kevin Taylor,kevin.taylor@gmail.com,Other,68,181,70,Sedentary,9,1,5,2
28633,False,Patricia Jones,patricia.jones@gmail.com,Female,24,156,91,Very Active,6,4,9,8
28634,False,Debra Jones,debra.jones@gmail.com,Female,40,179,73,Moderately Active,8,6,7,5
28635,True,Mark Rivera,mark.rivera@hotmail.com,Other,28,168,118,Very Active,6,1,4,6
28636,True,Jack Allen,jack.allen@hotmail.com,Other,25,195,144,Sedentary,8,1,6,5
28637,True,Sarah Jackson,sarah.jackson@hotmail.com,Male,57,160,50,Very Active,3,3,4,1
28638,True,Catherine Jackson,catherine.jackson@example.com,Male,23,177,58,Moderately Active,2,8,9,8
28639,True,Laura Flores,laura.flores@example.com,Female,65,177,54,Very Active,8,4,5,6
28640,False,Samantha Hall,samantha.hall@example.com,Other,34,190,112,Sedentary,6,3,5,5
28641,False,Larry Brown,larry.brown@yahoo.com,Male,32,155,106,Active,3,4,2,3
28642,False,Betty Ramirez,betty.ramirez@hotmail.com,Female,21,183,54,Active,8,5,6,9
28643,True,Joseph Sanchez,joseph.sanchez@gmail.com,Other,50,167,133,Moderately Active,10,5,5,8
28644,False,Laura Johnson,laura.johnson@example.com,Other,22,184,134,Moderately Active,1,2,5,9
28645,True,Alexander Hall,alexander.hall@hotmail.com,Female,64,196,84,Sedentary,5,2,1,7
28646,True,Dennis Carter,dennis.carter@hotmail.com,Male,69,153,121,Sedentary,3,9,3,5
28647,False,Eric Martinez,eric.martinez@gmail.com,Male,30,183,138,Sedentary,4,8,6,8
28648,False,Christopher Young,christopher.young@yahoo.com,Other,25,168,147,Sedentary,4,2,2,1
28649,True,Rebecca Davis,rebecca.davis@hotmail.com,Female,51,185,92,Moderately Active,1,4,1,10
28650,True,Kevin Thomas,kevin.thomas@example.com,Other,47,184,67,Moderately Active,3,6,5,10
28651,False,Robert Lee,robert.lee@hotmail.com,Male,34,171,127,Sedentary,2,1,4,7
28652,True,Elizabeth Gonzalez,elizabeth.gonzalez@hotmail.com,Male,47,168,147,Very Active,1,4,4,3
28653,False,Rachel Johnson,rachel.johnson@hotmail.com,Male,58,182,92,Sedentary,2,7,7,4
28654,False,Christine Garcia,christine.garcia@yahoo.com,Female,66,178,135,Active,3,1,7,7
28655,True,Amy Gonzalez,amy.gonzalez@yahoo.com,Male,44,189,68,Active,2,4,7,6
28656,False,Cynthia Hill,cynthia.hill@yahoo.com,Other,38,173,83,Very Active,10,9,2,9
28657,True,Daniel Campbell,daniel.campbell@hotmail.com,Female,19,193,85,Sedentary,2,7,9,4
28658,True,Emily Gonzalez,emily.gonzalez@gmail.com,Female,24,163,107,Sedentary,10,10,6,5
28659,True,Raymond White,raymond.white@yahoo.com,Other,46,196,81,Active,9,4,9,3
28660,False,Sharon Davis,sharon.davis@hotmail.com,Other,63,159,132,Active,4,3,1,4
28661,False,Paul Lopez,paul.lopez@yahoo.com,Other,34,160,95,Active,2,10,5,2
28662,True,Matthew Davis,matthew.davis@gmail.com,Female,61,155,50,Moderately Active,4,6,2,5
28663,False,Patrick Carter,patrick.carter@hotmail.com,Female,68,173,103,Active,4,5,3,9
28664,True,Angela Walker,angela.walker@yahoo.com,Male,38,166,67,Very Active,7,2,9,8
28665,False,Emily Smith,emily.smith@yahoo.com,Female,27,175,116,Moderately Active,6,2,10,5
28666,False,Pamela Anderson,pamela.anderson@yahoo.com,Male,24,163,118,Very Active,4,6,2,10
28667,True,Kimberly Flores,kimberly.flores@yahoo.com,Female,29,189,106,Active,4,10,4,7
28668,False,John Thomas,john.thomas@gmail.com,Male,41,174,98,Very Active,6,5,10,8
28669,True,David Green,david.green@gmail.com,Female,21,156,54,Very Active,10,9,8,6
28670,False,Anna Nguyen,anna.nguyen@hotmail.com,Other,60,186,76,Active,5,6,1,2
28671,True,Kimberly Thomas,kimberly.thomas@hotmail.com,Male,25,166,96,Moderately Active,2,1,5,10
28672,True,Patricia Perez,patricia.perez@hotmail.com,Other,30,160,83,Active,3,6,3,9
28673,True,Amy White,amy.white@example.com,Other,25,181,142,Moderately Active,6,3,4,4
28674,False,Virginia Davis,virginia.davis@hotmail.com,Male,43,176,53,Active,10,7,10,6
28675,True,Daniel Martinez,daniel.martinez@example.com,Female,35,164,140,Moderately Active,7,4,9,3
28676,False,Jeffrey Allen,jeffrey.allen@yahoo.com,Female,47,159,138,Moderately Active,1,4,2,4
28677,False,Melissa Williams,melissa.williams@hotmail.com,Male,31,157,98,Active,9,7,6,1
28678,True,Helen Jones,helen.jones@yahoo.com,Female,26,194,123,Moderately Active,7,6,3,3
28679,True,Gary Walker,gary.walker@yahoo.com,Female,58,153,114,Active,10,5,10,5
28680,False,Stephanie Robinson,stephanie.robinson@hotmail.com,Other,43,168,101,Moderately Active,10,8,6,1
28681,True,Stephanie Lee,stephanie.lee@yahoo.com,Other,32,177,120,Very Active,10,3,8,2
28682,False,Mark Hall,mark.hall@example.com,Other,29,199,53,Moderately Active,6,1,2,6
28683,False,Richard Williams,richard.williams@example.com,Female,51,166,65,Active,4,7,4,10
28684,True,Patrick Allen,patrick.allen@hotmail.com,Male,36,188,85,Sedentary,10,6,9,6
28685,True,Patrick Ramirez,patrick.ramirez@yahoo.com,Male,57,179,128,Moderately Active,3,1,2,6
28686,False,Jeffrey Nelson,jeffrey.nelson@gmail.com,Female,49,193,130,Sedentary,1,7,7,2
28687,False,Richard Torres,richard.torres@yahoo.com,Other,46,152,82,Very Active,7,6,9,6
28688,True,Ryan Wright,ryan.wright@example.com,Other,56,152,127,Sedentary,5,9,2,9
28689,False,Jack Hall,jack.hall@gmail.com,Male,47,161,59,Moderately Active,5,3,7,1
28690,True,Gary Williams,gary.williams@yahoo.com,Other,64,183,99,Moderately Active,7,2,3,3
28691,False,Justin Mitchell,justin.mitchell@hotmail.com,Male,37,190,88,Very Active,7,7,8,2
28692,True,Paul Williams,paul.williams@hotmail.com,Female,34,199,107,Sedentary,9,2,5,8
28693,False,Kimberly Garcia,kimberly.garcia@yahoo.com,Male,26,181,100,Moderately Active,1,7,5,4
28694,False,Sandra Hill,sandra.hill@gmail.com,Other,40,164,95,Sedentary,1,3,9,9
28695,True,Samuel Carter,samuel.carter@hotmail.com,Female,32,190,110,Very Active,6,4,7,8
28696,False,Patricia Lewis,patricia.lewis@yahoo.com,Male,39,172,129,Moderately Active,6,5,3,6
28697,False,Stephen Perez,stephen.perez@hotmail.com,Other,24,195,64,Very Active,2,8,5,2
28698,True,Nicholas Wright,nicholas.wright@example.com,Female,39,159,101,Sedentary,2,1,7,2
28699,False,Laura Hall,laura.hall@gmail.com,Other,29,177,51,Very Active,5,9,8,4
28700,False,Paul Smith,paul.smith@yahoo.com,Male,64,168,100,Sedentary,1,10,4,5
28701,False,Rachel White,rachel.white@example.com,Male,29,197,106,Moderately Active,6,2,2,3
28702,False,Edward Martinez,edward.martinez@yahoo.com,Female,67,173,117,Very Active,8,8,3,8
28703,False,Kathleen Miller,kathleen.miller@yahoo.com,Male,37,195,104,Moderately Active,1,7,5,8
28704,False,Linda Flores,linda.flores@hotmail.com,Female,34,185,126,Active,5,7,10,7
28705,True,Jonathan Smith,jonathan.smith@example.com,Other,69,195,84,Very Active,3,2,7,3
28706,False,Matthew Hernandez,matthew.hernandez@yahoo.com,Female,24,180,50,Very Active,4,6,5,2
28707,True,Cynthia Jones,cynthia.jones@example.com,Other,18,167,130,Sedentary,4,5,7,6
28708,True,Justin King,justin.king@hotmail.com,Other,40,157,133,Moderately Active,8,3,4,6
28709,True,Rebecca Green,rebecca.green@yahoo.com,Male,48,189,135,Active,8,10,1,2
28710,False,Brian Hall,brian.hall@gmail.com,Other,54,171,53,Sedentary,4,5,1,8
28711,True,Elizabeth Brown,elizabeth.brown@yahoo.com,Other,52,153,81,Very Active,1,4,2,4
28712,True,Margaret Sanchez,margaret.sanchez@example.com,Other,65,192,93,Very Active,4,7,9,1
28713,True,Karen Mitchell,karen.mitchell@hotmail.com,Other,40,152,119,Sedentary,5,5,3,8
28714,True,Amy Perez,amy.perez@example.com,Female,37,181,59,Active,1,5,6,7
28715,False,Christopher Wright,christopher.wright@hotmail.com,Male,21,175,60,Sedentary,9,3,8,1
28716,True,Sarah Davis,sarah.davis@yahoo.com,Male,67,162,133,Moderately Active,2,5,7,6
28717,True,Edward Perez,edward.perez@yahoo.com,Female,58,174,132,Sedentary,9,1,4,6
28718,True,Angela Clark,angela.clark@yahoo.com,Male,18,174,50,Sedentary,7,9,3,9
28719,False,Pamela Scott,pamela.scott@gmail.com,Male,44,153,73,Active,2,4,10,9
28720,True,Jeffrey Lopez,jeffrey.lopez@yahoo.com,Female,30,162,125,Active,3,5,1,6
28721,False,Timothy Jones,timothy.jones@example.com,Male,48,160,77,Active,8,4,1,8
28722,False,Paul Nguyen,paul.nguyen@hotmail.com,Female,40,193,146,Active,6,4,8,1
28723,True,Susan Torres,susan.torres@hotmail.com,Female,38,178,59,Sedentary,1,2,7,2
28724,False,Sarah Ramirez,sarah.ramirez@yahoo.com,Male,37,192,117,Very Active,7,5,10,8
28725,True,Laura Taylor,laura.taylor@yahoo.com,Other,61,179,83,Active,10,4,7,1
28726,True,Scott Taylor,scott.taylor@hotmail.com,Female,35,170,131,Sedentary,4,8,8,1
28727,False,Andrew Miller,andrew.miller@example.com,Male,19,166,101,Very Active,8,9,4,4
28728,False,Gregory Wright,gregory.wright@yahoo.com,Male,29,161,131,Active,4,10,9,8
28729,True,Samuel Anderson,samuel.anderson@yahoo.com,Male,67,169,137,Sedentary,10,8,5,7
28730,False,Matthew Young,matthew.young@hotmail.com,Female,25,154,107,Moderately Active,8,9,7,9
28731,False,Daniel Clark,daniel.clark@hotmail.com,Male,48,180,101,Sedentary,8,8,10,9
28732,False,Deborah Scott,deborah.scott@gmail.com,Female,50,180,107,Active,8,6,8,5
28733,False,Lisa Johnson,lisa.johnson@gmail.com,Female,31,150,60,Moderately Active,10,5,5,4
28734,True,Justin Flores,justin.flores@hotmail.com,Female,34,160,61,Sedentary,3,5,10,9
28735,False,Gregory Clark,gregory.clark@example.com,Other,54,182,140,Sedentary,9,9,10,5
28736,False,Scott Adams,scott.adams@hotmail.com,Other,30,175,103,Active,1,2,4,8
28737,False,Rachel Robinson,rachel.robinson@hotmail.com,Male,21,169,149,Active,7,1,3,3
28738,False,Jacob Mitchell,jacob.mitchell@yahoo.com,Male,31,178,86,Moderately Active,6,9,3,8
28739,False,Melissa Lee,melissa.lee@example.com,Other,44,179,99,Very Active,2,4,1,9
28740,False,Joshua Jackson,joshua.jackson@example.com,Male,55,167,107,Moderately Active,2,1,4,3
28741,True,Brandon Garcia,brandon.garcia@gmail.com,Other,63,181,145,Sedentary,7,7,7,1
28742,False,Cynthia Lopez,cynthia.lopez@hotmail.com,Female,24,155,52,Sedentary,5,9,4,5
28743,False,Brian Lee,brian.lee@hotmail.com,Other,54,156,54,Sedentary,9,10,6,1
28744,True,Brian Harris,brian.harris@gmail.com,Other,49,158,130,Active,8,10,10,10
28745,False,James Williams,james.williams@gmail.com,Other,51,178,114,Active,6,10,5,8
28746,True,Joseph Lee,joseph.lee@hotmail.com,Other,44,163,67,Moderately Active,5,8,9,7
28747,False,Anthony Lopez,anthony.lopez@yahoo.com,Female,59,165,59,Active,2,3,9,9
28748,True,Carol Gonzalez,carol.gonzalez@gmail.com,Other,19,199,143,Sedentary,6,1,7,1
28749,False,Mary Martin,mary.martin@yahoo.com,Female,43,161,125,Active,5,1,7,6
28750,True,Andrew Campbell,andrew.campbell@gmail.com,Male,33,177,84,Very Active,3,3,3,4
28751,True,Kenneth Thomas,kenneth.thomas@gmail.com,Other,68,162,107,Active,7,6,8,1
28752,True,Betty Mitchell,betty.mitchell@example.com,Male,29,179,78,Very Active,1,9,2,7
28753,True,Anna Gonzalez,anna.gonzalez@hotmail.com,Male,44,168,80,Sedentary,10,8,1,1
28754,True,William Nguyen,william.nguyen@yahoo.com,Other,30,158,99,Moderately Active,4,6,7,8
28755,False,Sharon Taylor,sharon.taylor@example.com,Male,67,169,142,Sedentary,5,4,2,7
28756,True,Timothy King,timothy.king@gmail.com,Other,58,194,63,Sedentary,3,1,4,5
28757,True,Stephanie Rivera,stephanie.rivera@gmail.com,Male,43,194,88,Very Active,1,4,8,4
28758,True,Susan Ramirez,susan.ramirez@example.com,Other,33,178,67,Very Active,1,1,1,5
28759,False,Melissa Williams,melissa.williams@yahoo.com,Male,43,159,75,Active,1,3,1,10
28760,True,Virginia Clark,virginia.clark@hotmail.com,Male,52,170,73,Active,10,4,2,3
28761,False,Melissa Hernandez,melissa.hernandez@hotmail.com,Male,68,154,126,Moderately Active,7,3,4,1
28762,True,Steven Perez,steven.perez@gmail.com,Female,35,172,128,Very Active,7,6,7,3
28763,True,Christopher Williams,christopher.williams@example.com,Female,62,185,146,Active,8,9,3,10
28764,True,Ruth Flores,ruth.flores@example.com,Other,61,189,82,Sedentary,9,4,1,3
28765,False,Robert Jackson,robert.jackson@gmail.com,Female,41,159,104,Sedentary,9,9,1,6
28766,True,Jessica Nelson,jessica.nelson@yahoo.com,Male,23,193,69,Sedentary,4,10,4,7
28767,True,Sarah King,sarah.king@gmail.com,Female,30,154,132,Sedentary,7,6,9,1
28768,False,Sandra Thomas,sandra.thomas@gmail.com,Male,52,152,63,Active,5,9,8,9
28769,False,Amy Anderson,amy.anderson@yahoo.com,Male,59,194,117,Moderately Active,6,2,8,6
28770,False,Andrew Wilson,andrew.wilson@gmail.com,Male,56,187,138,Moderately Active,7,9,9,3
28771,False,Amanda Harris,amanda.harris@gmail.com,Male,68,199,66,Very Active,7,9,4,5
28772,False,James Scott,james.scott@hotmail.com,Other,20,172,93,Very Active,10,10,2,4
28773,False,Alexander Smith,alexander.smith@hotmail.com,Other,23,192,138,Moderately Active,5,5,3,9
28774,False,Jeffrey Roberts,jeffrey.roberts@example.com,Male,22,191,142,Very Active,4,4,1,1
28775,True,Barbara Baker,barbara.baker@yahoo.com,Female,64,152,52,Very Active,3,6,1,1
28776,False,Eric Moore,eric.moore@gmail.com,Female,38,167,88,Active,9,7,7,5
28777,False,Joseph Wilson,joseph.wilson@yahoo.com,Other,25,161,71,Moderately Active,1,7,1,9
28778,False,Nancy Torres,nancy.torres@yahoo.com,Other,66,194,61,Moderately Active,8,1,9,10
28779,True,Jason Brown,jason.brown@gmail.com,Other,58,164,88,Moderately Active,1,2,9,3
28780,False,Helen Mitchell,helen.mitchell@example.com,Male,33,173,138,Very Active,7,10,7,7
28781,True,Edward Allen,edward.allen@yahoo.com,Female,47,186,121,Sedentary,5,2,2,3
28782,True,Mark Moore,mark.moore@example.com,Male,35,166,146,Active,10,1,10,8
28783,True,Michael Baker,michael.baker@example.com,Male,20,186,75,Active,2,5,1,3
28784,True,Sarah Hill,sarah.hill@gmail.com,Other,52,188,69,Very Active,9,9,6,7
28785,True,Anna Perez,anna.perez@example.com,Female,51,150,112,Active,4,1,3,3
28786,False,Elizabeth Thomas,elizabeth.thomas@hotmail.com,Other,37,195,66,Sedentary,4,4,10,6
28787,True,Sarah Nelson,sarah.nelson@yahoo.com,Male,68,163,104,Very Active,1,6,8,8
28788,False,Mary Garcia,mary.garcia@example.com,Male,20,182,118,Very Active,4,9,6,10
28789,False,Paul Ramirez,paul.ramirez@hotmail.com,Male,36,187,99,Very Active,3,1,1,1
28790,False,Elizabeth Anderson,elizabeth.anderson@yahoo.com,Other,58,168,62,Very Active,6,4,8,5
28791,False,Ashley Clark,ashley.clark@yahoo.com,Male,40,198,64,Very Active,7,3,5,5
28792,True,Sarah Sanchez,sarah.sanchez@yahoo.com,Male,27,174,100,Sedentary,1,2,5,4
28793,True,Kimberly Young,kimberly.young@yahoo.com,Other,27,151,97,Active,1,2,7,7
28794,True,James Miller,james.miller@example.com,Other,39,183,64,Sedentary,7,7,5,3
28795,False,Rachel Garcia,rachel.garcia@yahoo.com,Female,68,186,129,Sedentary,1,8,4,4
28796,False,Donna King,donna.king@hotmail.com,Female,64,166,83,Active,2,6,7,4
28797,False,Jonathan Hall,jonathan.hall@hotmail.com,Female,27,193,148,Moderately Active,9,3,5,5
28798,False,Andrew Thomas,andrew.thomas@yahoo.com,Other,50,187,80,Very Active,5,5,10,8
28799,False,Cynthia Moore,cynthia.moore@hotmail.com,Female,40,184,128,Moderately Active,8,1,6,7
28800,False,Joshua Garcia,joshua.garcia@gmail.com,Female,25,172,129,Sedentary,4,6,10,5
28801,True,Lisa Hill,lisa.hill@gmail.com,Male,28,198,60,Very Active,6,8,3,10
28802,True,Anna Young,anna.young@example.com,Male,65,178,100,Moderately Active,9,5,4,6
28803,False,Amy Martin,amy.martin@hotmail.com,Other,67,194,57,Active,4,3,5,3
28804,True,Dorothy Young,dorothy.young@example.com,Other,58,199,129,Very Active,8,3,5,8
28805,True,Virginia Johnson,virginia.johnson@gmail.com,Female,40,170,91,Sedentary,7,6,7,6
28806,True,Matthew Brown,matthew.brown@hotmail.com,Female,26,173,98,Very Active,3,3,10,10
28807,True,Barbara Thomas,barbara.thomas@yahoo.com,Female,57,159,55,Sedentary,1,6,9,2
28808,False,Samantha Nguyen,samantha.nguyen@example.com,Female,30,194,75,Active,1,10,9,3
28809,False,Jason Davis,jason.davis@yahoo.com,Male,30,174,97,Moderately Active,1,1,3,3
28810,False,Ashley Lopez,ashley.lopez@hotmail.com,Other,51,181,118,Moderately Active,3,10,10,2
28811,False,David Young,david.young@example.com,Male,19,179,97,Moderately Active,9,6,6,2
28812,False,Margaret Thomas,margaret.thomas@hotmail.com,Male,33,172,135,Moderately Active,2,10,7,6
28813,True,Deborah Green,deborah.green@example.com,Male,66,187,75,Sedentary,9,10,10,5
28814,True,Sharon Campbell,sharon.campbell@gmail.com,Male,55,161,66,Sedentary,1,4,7,10
28815,False,Kimberly Carter,kimberly.carter@gmail.com,Male,66,171,84,Moderately Active,6,5,6,1
28816,True,David Baker,david.baker@example.com,Female,35,158,99,Sedentary,9,1,5,7
28817,True,Joseph Taylor,joseph.taylor@hotmail.com,Female,60,163,87,Moderately Active,4,9,9,2
28818,False,Ronald Anderson,ronald.anderson@example.com,Other,25,174,58,Very Active,1,3,2,6
28819,True,Michael Robinson,michael.robinson@yahoo.com,Male,52,173,74,Very Active,5,8,1,6
28820,True,Samantha Baker,samantha.baker@hotmail.com,Female,43,179,93,Moderately Active,10,4,10,4
28821,True,Samantha Anderson,samantha.anderson@gmail.com,Female,53,155,120,Sedentary,5,7,10,8
28822,False,Amy Ramirez,amy.ramirez@gmail.com,Male,22,160,116,Moderately Active,10,6,10,10
28823,True,Amanda Lee,amanda.lee@hotmail.com,Female,20,181,120,Moderately Active,10,6,5,3
28824,True,Jessica Smith,jessica.smith@example.com,Female,67,151,85,Moderately Active,3,6,4,3
28825,True,Timothy Moore,timothy.moore@example.com,Female,45,165,141,Sedentary,9,2,9,4
28826,True,Justin Thompson,justin.thompson@yahoo.com,Other,33,184,95,Very Active,8,8,3,1
28827,True,Justin Davis,justin.davis@yahoo.com,Other,56,152,95,Very Active,8,3,5,4
28828,True,Susan White,susan.white@hotmail.com,Male,26,180,93,Very Active,1,4,9,4
28829,False,Debra Nelson,debra.nelson@yahoo.com,Male,49,196,102,Sedentary,5,3,6,8
28830,True,Brandon Anderson,brandon.anderson@example.com,Male,39,172,134,Very Active,4,1,7,9
28831,True,Christopher Lewis,christopher.lewis@yahoo.com,Female,61,172,64,Moderately Active,9,9,8,4
28832,True,Michelle Hill,michelle.hill@gmail.com,Female,43,151,79,Active,8,6,5,2
28833,True,Andrew Mitchell,andrew.mitchell@hotmail.com,Male,20,165,136,Sedentary,6,1,5,8
28834,False,Barbara Miller,barbara.miller@example.com,Male,50,158,100,Sedentary,8,2,4,4
28835,False,Samantha Campbell,samantha.campbell@gmail.com,Male,51,172,71,Very Active,4,10,7,9
28836,False,Kimberly Lewis,kimberly.lewis@example.com,Male,64,159,81,Active,10,10,9,4
28837,False,Alexander Robinson,alexander.robinson@hotmail.com,Female,53,158,87,Moderately Active,2,4,5,10
28838,False,Melissa Campbell,melissa.campbell@example.com,Female,42,164,92,Moderately Active,4,3,10,8
28839,False,Cynthia Roberts,cynthia.roberts@gmail.com,Other,54,161,93,Active,7,6,1,3
28840,True,Daniel Jones,daniel.jones@example.com,Male,31,196,131,Active,9,7,10,4
28841,False,Jack Lopez,jack.lopez@yahoo.com,Female,52,188,73,Moderately Active,4,1,2,10
28842,True,Amy Nelson,amy.nelson@gmail.com,Female,37,178,81,Very Active,10,1,9,1
28843,False,Thomas Young,thomas.young@yahoo.com,Male,21,159,136,Moderately Active,10,5,2,10
28844,False,Margaret Nelson,margaret.nelson@yahoo.com,Female,22,167,89,Very Active,5,3,1,8
28845,False,Jonathan Campbell,jonathan.campbell@hotmail.com,Female,61,169,143,Active,3,1,2,3
28846,True,Shirley Rodriguez,shirley.rodriguez@example.com,Other,53,182,81,Active,6,1,8,2
28847,False,Sandra Garcia,sandra.garcia@yahoo.com,Female,26,194,117,Moderately Active,4,1,9,8
28848,False,John King,john.king@gmail.com,Other,45,157,142,Active,9,8,10,7
28849,True,Joshua Miller,joshua.miller@gmail.com,Female,40,165,69,Active,5,9,3,6
28850,True,Ruth Brown,ruth.brown@hotmail.com,Other,67,173,76,Sedentary,7,8,4,8
28851,True,Debra White,debra.white@hotmail.com,Female,42,179,144,Moderately Active,1,5,6,8
28852,False,Richard Harris,richard.harris@hotmail.com,Female,60,159,137,Very Active,5,6,3,5
28853,False,Shirley Thompson,shirley.thompson@yahoo.com,Male,18,195,83,Active,10,8,5,5
28854,True,Christine Allen,christine.allen@yahoo.com,Other,67,175,61,Active,10,3,8,7
28855,True,Patricia Taylor,patricia.taylor@yahoo.com,Female,22,161,116,Very Active,3,10,8,6
28856,False,Catherine Allen,catherine.allen@example.com,Female,26,186,60,Active,5,6,9,4
28857,True,Mary Campbell,mary.campbell@gmail.com,Other,42,167,110,Sedentary,9,6,8,5
28858,False,Amanda Adams,amanda.adams@yahoo.com,Female,66,197,133,Moderately Active,7,3,2,10
28859,False,Anthony Jackson,anthony.jackson@example.com,Female,52,198,132,Moderately Active,5,5,3,8
28860,False,Stephen Nguyen,stephen.nguyen@yahoo.com,Female,63,198,93,Very Active,8,6,1,9
28861,False,Jacob Miller,jacob.miller@example.com,Other,54,154,129,Active,10,6,2,1
28862,False,Shirley Torres,shirley.torres@hotmail.com,Male,54,196,123,Moderately Active,10,1,7,7
28863,False,Cynthia Green,cynthia.green@gmail.com,Other,62,177,98,Active,7,10,3,3
28864,False,Michael Perez,michael.perez@gmail.com,Other,25,160,113,Sedentary,9,6,8,10
28865,False,Stephen Allen,stephen.allen@yahoo.com,Other,47,160,112,Very Active,4,2,8,1
28866,True,Charles Walker,charles.walker@yahoo.com,Male,28,167,105,Active,2,2,9,10
28867,True,Debra Hernandez,debra.hernandez@yahoo.com,Male,66,176,73,Very Active,2,6,4,8
28868,True,Matthew Robinson,matthew.robinson@gmail.com,Other,56,178,129,Moderately Active,4,10,10,10
28869,True,Mary King,mary.king@hotmail.com,Female,66,157,50,Active,6,6,10,9
28870,True,Benjamin Jones,benjamin.jones@yahoo.com,Other,69,176,114,Very Active,7,10,7,8
28871,False,Carol White,carol.white@yahoo.com,Female,25,159,70,Active,4,7,7,8
28872,False,Thomas Sanchez,thomas.sanchez@yahoo.com,Male,48,180,99,Very Active,9,2,9,10
28873,True,Daniel Johnson,daniel.johnson@gmail.com,Other,55,195,104,Moderately Active,5,3,3,1
28874,True,Amanda Thomas,amanda.thomas@gmail.com,Female,22,175,131,Sedentary,5,3,1,2
28875,True,Michael Rivera,michael.rivera@hotmail.com,Other,22,174,96,Very Active,3,9,9,5
28876,False,Cynthia Scott,cynthia.scott@yahoo.com,Other,49,197,52,Sedentary,1,6,3,8
28877,False,Jonathan Gonzalez,jonathan.gonzalez@example.com,Other,63,187,61,Sedentary,3,1,3,6
28878,True,Kimberly Brown,kimberly.brown@hotmail.com,Other,24,165,91,Moderately Active,1,8,10,8
28879,True,Patrick Adams,patrick.adams@yahoo.com,Other,63,189,122,Sedentary,7,7,2,3
28880,True,Shirley Adams,shirley.adams@example.com,Other,68,187,148,Active,4,9,6,8
28881,False,Amanda Brown,amanda.brown@yahoo.com,Other,20,189,95,Active,5,1,9,3
28882,True,Alexander Hall,alexander.hall@example.com,Other,36,161,97,Very Active,5,6,2,1
28883,True,Justin White,justin.white@gmail.com,Male,36,160,54,Active,4,5,5,9
28884,False,Barbara Smith,barbara.smith@example.com,Other,51,169,147,Sedentary,10,5,2,3
28885,True,Jeffrey Robinson,jeffrey.robinson@hotmail.com,Female,24,161,139,Very Active,3,2,5,1
28886,False,John Wright,john.wright@example.com,Male,34,184,145,Moderately Active,4,9,1,4
28887,True,Janet Lee,janet.lee@gmail.com,Other,41,162,104,Very Active,1,3,2,2
28888,False,Michelle Johnson,michelle.johnson@example.com,Female,25,176,113,Active,10,8,9,9
28889,True,William Rivera,william.rivera@yahoo.com,Other,64,150,134,Sedentary,9,2,5,1
28890,True,Ryan Walker,ryan.walker@hotmail.com,Female,45,194,141,Sedentary,3,9,6,6
28891,True,Nicholas Jackson,nicholas.jackson@example.com,Female,32,174,146,Active,2,5,3,6
28892,False,Amanda Davis,amanda.davis@yahoo.com,Female,53,193,63,Very Active,2,4,9,5
28893,True,Jessica Moore,jessica.moore@gmail.com,Female,37,187,114,Moderately Active,5,3,10,7
28894,True,James Mitchell,james.mitchell@hotmail.com,Other,31,192,126,Active,7,9,7,3
28895,True,John Jones,john.jones@hotmail.com,Male,37,157,70,Moderately Active,6,6,8,3
28896,True,Michael King,michael.king@example.com,Other,30,173,90,Very Active,5,3,5,8
28897,False,Ruth Thomas,ruth.thomas@hotmail.com,Male,66,168,114,Very Active,5,5,1,5
28898,False,Andrew Scott,andrew.scott@gmail.com,Female,24,151,66,Moderately Active,9,10,3,1
28899,True,Dennis Lopez,dennis.lopez@hotmail.com,Male,38,157,72,Moderately Active,5,10,9,4
28900,True,David Nelson,david.nelson@yahoo.com,Female,57,181,97,Active,5,6,4,5
28901,True,John Davis,john.davis@gmail.com,Other,36,171,144,Moderately Active,9,9,6,7
28902,False,Susan Garcia,susan.garcia@example.com,Other,48,187,121,Active,4,2,2,4
28903,False,Ashley Baker,ashley.baker@hotmail.com,Other,43,177,77,Active,9,8,2,2
28904,False,Brandon Rivera,brandon.rivera@example.com,Female,37,177,76,Sedentary,4,2,4,10
28905,False,Carol Gonzalez,carol.gonzalez@example.com,Other,45,189,113,Sedentary,5,2,8,7
28906,False,Angela Martin,angela.martin@hotmail.com,Female,41,161,124,Active,5,4,8,10
28907,True,Nicholas Roberts,nicholas.roberts@example.com,Female,49,154,73,Moderately Active,2,10,8,9
28908,False,Dennis Adams,dennis.adams@yahoo.com,Female,29,181,141,Active,9,2,3,5
28909,True,Joshua Rodriguez,joshua.rodriguez@example.com,Female,28,193,130,Sedentary,6,6,9,10
28910,True,Frank Jackson,frank.jackson@example.com,Other,60,170,104,Sedentary,4,6,3,6
28911,False,Sandra Torres,sandra.torres@example.com,Male,47,184,119,Very Active,2,6,2,6
28912,True,Eric Sanchez,eric.sanchez@yahoo.com,Female,37,163,77,Sedentary,5,4,6,2
28913,False,Ruth Roberts,ruth.roberts@yahoo.com,Other,35,162,70,Active,8,2,1,5
28914,False,Debra Johnson,debra.johnson@hotmail.com,Male,42,186,140,Active,5,9,5,3
28915,True,Dorothy Thompson,dorothy.thompson@example.com,Other,39,150,138,Moderately Active,7,7,7,6
28916,True,Samuel Nguyen,samuel.nguyen@gmail.com,Female,26,175,143,Moderately Active,8,1,5,10
28917,False,Janet Smith,janet.smith@hotmail.com,Female,66,192,138,Moderately Active,4,2,3,10
28918,False,Ronald Robinson,ronald.robinson@hotmail.com,Female,34,195,116,Moderately Active,4,9,8,8
28919,True,Mark Scott,mark.scott@hotmail.com,Female,51,197,52,Moderately Active,4,1,3,9
28920,True,Alexander Hernandez,alexander.hernandez@gmail.com,Male,25,150,149,Moderately Active,7,1,2,3
28921,True,Melissa Miller,melissa.miller@hotmail.com,Other,41,186,110,Very Active,6,10,3,6
28922,True,James Sanchez,james.sanchez@yahoo.com,Female,31,164,91,Moderately Active,8,8,7,8
28923,False,Janet Jones,janet.jones@gmail.com,Other,53,191,136,Moderately Active,9,2,5,1
28924,True,Donna Hernandez,donna.hernandez@hotmail.com,Male,34,179,106,Very Active,8,2,4,9
28925,True,Paul Anderson,paul.anderson@example.com,Male,69,160,50,Very Active,5,5,7,5
28926,True,Steven Walker,steven.walker@hotmail.com,Male,24,156,66,Moderately Active,4,6,9,6
28927,True,Brian Green,brian.green@gmail.com,Male,53,161,141,Sedentary,9,2,10,7
28928,True,Michael Harris,michael.harris@gmail.com,Other,45,199,76,Moderately Active,9,6,4,7
28929,True,Kevin Torres,kevin.torres@yahoo.com,Male,52,196,147,Very Active,2,6,10,9
28930,False,Eric Carter,eric.carter@gmail.com,Male,57,179,148,Very Active,1,10,7,4
28931,False,Frank Campbell,frank.campbell@yahoo.com,Male,67,150,143,Very Active,2,7,2,5
28932,True,Donna Thomas,donna.thomas@example.com,Other,46,184,73,Moderately Active,6,4,9,5
28933,False,Edward Wright,edward.wright@yahoo.com,Other,57,172,94,Sedentary,9,10,5,3
28934,True,Brian Rivera,brian.rivera@yahoo.com,Male,56,154,139,Moderately Active,4,1,9,7
28935,True,Angela Harris,angela.harris@gmail.com,Male,69,176,140,Moderately Active,7,9,4,7
28936,True,Ashley Allen,ashley.allen@gmail.com,Male,22,181,113,Sedentary,10,3,9,3
28937,True,Brandon Lee,brandon.lee@gmail.com,Other,51,152,136,Moderately Active,3,5,9,2
28938,True,Kimberly Campbell,kimberly.campbell@hotmail.com,Other,66,186,58,Moderately Active,9,3,7,3
28939,True,Christopher Williams,christopher.williams@example.com,Other,34,153,137,Very Active,4,10,2,10
28940,False,Scott Hill,scott.hill@example.com,Other,49,196,114,Moderately Active,8,3,4,6
28941,False,Janet Rodriguez,janet.rodriguez@gmail.com,Male,39,165,125,Active,9,7,7,5
28942,True,Gary Gonzalez,gary.gonzalez@hotmail.com,Other,41,165,84,Moderately Active,4,8,9,8
28943,False,Margaret Hall,margaret.hall@gmail.com,Other,26,152,105,Very Active,2,9,6,4
28944,False,Joseph Thompson,joseph.thompson@hotmail.com,Male,43,153,146,Sedentary,3,2,4,1
28945,False,Edward Rivera,edward.rivera@gmail.com,Female,68,190,70,Sedentary,1,6,9,3
28946,False,Jennifer Ramirez,jennifer.ramirez@example.com,Male,28,153,50,Very Active,8,6,10,10
28947,False,Ronald Garcia,ronald.garcia@hotmail.com,Male,32,181,55,Sedentary,5,1,10,8
28948,False,Debra Baker,debra.baker@hotmail.com,Male,26,152,101,Sedentary,7,6,3,8
28949,False,Debra Taylor,debra.taylor@example.com,Female,64,160,144,Very Active,1,7,6,4
28950,True,Virginia Walker,virginia.walker@yahoo.com,Female,47,186,78,Sedentary,5,1,10,8
28951,True,Margaret Garcia,margaret.garcia@example.com,Other,53,164,99,Moderately Active,10,8,3,3
28952,True,Timothy Nguyen,timothy.nguyen@hotmail.com,Male,46,171,132,Very Active,4,5,1,4
28953,True,Daniel Torres,daniel.torres@gmail.com,Female,24,188,50,Sedentary,4,10,3,9
28954,True,Ashley Hill,ashley.hill@example.com,Female,30,192,133,Sedentary,4,8,6,10
28955,False,Raymond Mitchell,raymond.mitchell@gmail.com,Other,43,171,116,Moderately Active,7,6,6,9
28956,False,Kenneth Carter,kenneth.carter@yahoo.com,Female,65,179,90,Moderately Active,2,6,10,4
28957,True,John Williams,john.williams@yahoo.com,Female,36,175,50,Very Active,10,2,10,9
28958,False,Eric Brown,eric.brown@gmail.com,Male,40,184,127,Moderately Active,9,10,5,6
28959,True,Donna Allen,donna.allen@yahoo.com,Male,59,176,132,Sedentary,10,7,10,8
28960,False,Barbara Lopez,barbara.lopez@yahoo.com,Other,57,157,76,Sedentary,10,9,6,9
28961,True,Steven Miller,steven.miller@hotmail.com,Other,56,163,76,Active,4,7,8,7
28962,False,Ashley Anderson,ashley.anderson@yahoo.com,Female,63,173,123,Very Active,7,3,6,3
28963,True,Samuel Smith,samuel.smith@example.com,Male,47,169,69,Active,4,8,9,4
28964,False,Scott Smith,scott.smith@gmail.com,Female,67,178,131,Very Active,8,10,3,2
28965,True,Nancy Robinson,nancy.robinson@example.com,Female,46,168,143,Very Active,5,10,8,9
28966,False,Jonathan Martinez,jonathan.martinez@example.com,Female,57,165,73,Sedentary,6,4,1,2
28967,False,Ruth Martinez,ruth.martinez@hotmail.com,Female,18,189,77,Sedentary,5,2,9,1
28968,True,Christopher Johnson,christopher.johnson@example.com,Male,40,177,66,Moderately Active,8,4,5,5
28969,False,Emily Walker,emily.walker@hotmail.com,Female,36,194,113,Moderately Active,1,3,3,4
28970,True,Amy Perez,amy.perez@example.com,Female,32,180,112,Moderately Active,8,7,9,2
28971,True,Brian Johnson,brian.johnson@yahoo.com,Male,51,166,61,Very Active,6,7,3,8
28972,True,Donald Mitchell,donald.mitchell@yahoo.com,Male,53,198,62,Sedentary,4,10,8,3
28973,False,Melissa Hall,melissa.hall@gmail.com,Female,22,157,72,Very Active,8,4,4,10
28974,True,Carol White,carol.white@gmail.com,Other,48,158,89,Moderately Active,6,8,3,9
28975,False,Samantha Carter,samantha.carter@gmail.com,Male,52,199,53,Moderately Active,6,10,7,2
28976,True,Jeffrey Nelson,jeffrey.nelson@gmail.com,Female,37,189,67,Sedentary,8,9,1,1
28977,False,Jacob Thomas,jacob.thomas@example.com,Male,37,184,91,Sedentary,4,2,4,9
28978,True,Pamela Allen,pamela.allen@gmail.com,Male,33,153,106,Active,9,2,4,8
28979,True,Samuel Green,samuel.green@yahoo.com,Female,20,186,83,Moderately Active,10,4,10,5
28980,True,Susan Williams,susan.williams@gmail.com,Female,66,165,98,Active,5,6,1,9
28981,True,Catherine Robinson,catherine.robinson@example.com,Other,61,159,111,Active,3,7,1,7
28982,False,William Torres,william.torres@example.com,Female,54,182,140,Moderately Active,6,2,2,10
28983,True,Sharon Lopez,sharon.lopez@example.com,Other,25,178,111,Very Active,10,5,5,1
28984,False,Virginia Gonzalez,virginia.gonzalez@gmail.com,Male,28,195,55,Active,1,1,1,6
28985,True,Brenda Smith,brenda.smith@example.com,Male,48,174,94,Moderately Active,5,4,10,8
28986,True,Linda Johnson,linda.johnson@example.com,Male,23,178,136,Very Active,7,1,8,10
28987,True,Debra Thompson,debra.thompson@example.com,Male,26,174,141,Moderately Active,8,1,8,3
28988,True,Karen Rivera,karen.rivera@hotmail.com,Other,58,196,141,Moderately Active,9,8,3,10
28989,True,Patricia King,patricia.king@yahoo.com,Male,47,181,81,Active,1,1,3,8
28990,True,Margaret Lee,margaret.lee@example.com,Other,60,152,104,Very Active,7,10,5,4
28991,False,Jacob Green,jacob.green@yahoo.com,Female,45,154,121,Active,5,6,10,8
28992,False,Pamela Hill,pamela.hill@example.com,Female,30,171,93,Sedentary,6,3,2,8
28993,True,David Martin,david.martin@hotmail.com,Other,47,162,127,Very Active,8,3,2,5
28994,True,Virginia Anderson,virginia.anderson@example.com,Other,52,199,55,Active,1,7,2,1
28995,False,Kenneth Jones,kenneth.jones@gmail.com,Other,34,186,141,Active,8,8,2,8
28996,True,Karen Sanchez,karen.sanchez@example.com,Other,66,186,93,Active,7,4,2,7
28997,True,Gregory Rodriguez,gregory.rodriguez@yahoo.com,Female,46,178,75,Sedentary,5,8,3,4
28998,True,Anthony Roberts,anthony.roberts@example.com,Male,60,184,128,Very Active,1,1,6,2
28999,False,Jessica Robinson,jessica.robinson@example.com,Female,21,152,127,Moderately Active,8,6,10,6
29000,False,Christine Green,christine.green@gmail.com,Female,35,183,69,Moderately Active,4,6,1,7
